原始名称 (CSV),英文正式名称 (Formal Name),实体类型,判断依据与参考数据库,Description_CN,Description_EN,Matched_QID,Matched_Label,Matched_Desc,Match_Score,Match_Method
A Scene from the Aeneid,The Royal Hunt of Dido and Aeneas,作品,原书 p.231; RKD; IA,索利梅纳（Solimena）为马切拉塔 Buonaccorsi 宫创作的杰作。,Solimena's canvas for Palazzo Buonaccorsi.,Q28093447,The Royal Hunt of Dido and Aeneas,"painting by Francesco Solimena made for Raimondo Buonaccorsi and conserved at the Museum of Fine Arts, Houston",0.7,Smart Match (Formal Name)
A.M. Zanetti ... with Marchese Gerini,Anton Maria Zanetti the Elder,人名,原书 第14章; DBI; BM,[拆分] 威尼斯鉴赏家，杰里尼侯爵收藏画册的学术与视觉顾问。,Venetian connoisseur and advisor to Gerini.,Q944948,Antonio Maria Zanetti,"Venetian artist, engraver, art critic, art dealer and connoisseur (1679–1767)",0.5800000000000001,Smart Match (Formal Name)
A.M. Zanetti ... with Marchese Gerini,Marchese Andrea Gerini,人名,用户指认; BM; DBI,[拆分/纠错] 佛罗伦萨赞助人（1691-1766），出版了著名的地志与艺术册籍。,Florentine patron and publisher.,,,,,Failed (Relaxed)
Abate Scarselli,Alessandro Scarselli,人名,用户指认; Wikidata; IA,[纠错] 博洛尼亚雕刻师及教士（Abate）。曾为杰里尼侯爵的画册供稿。,Bolognese engraver and priest.,Q49788414,Alessandro Scarselli,"Italian miniaturist, amanuensis and printmaker (1684-1773)",0.7,Smart Match (Formal Name)
Abigail giving Presents to David,Abigail bringing presents to David,作品,原书 第13章; RKD,卢卡·焦尔达诺为里卡迪宫创作。体现了赞助人对后期巴洛克叙事的偏爱。,By Luca Giordano for Palazzo Riccardi.,,,,,Failed (Relaxed)
Accademia Albrizziana,Accademia Albrizziana,机构,原书 第14章; DBI,18世纪威尼斯由阿尔布里齐家族支持的私人学院。,Private 18th-c. academy supported by the Albrizzi.,,,,,Failed (Relaxed)
Accademia dei Cacadubbi,Accademia dei Cacadubbi,机构,原书 (Venice); Treccani,17世纪威尼斯的一所带有讽刺色彩的文学与艺术学院。/ A satirical literary,artistic academy in 17th-c. Venice.,,,,,Failed (Relaxed)
Accademia di San Luca / Académie Royale,Accademia di San Luca,机构,原书 第7章; Wikidata,[拆分] 罗马圣路加学院，全书核心，17世纪艺术权力的中枢。,"The St. Luke Academy in Rome, epicenter of art power.",Q338523,Accademia di San Luca,Italian association of artists in Rome,0.7,Smart Match (Formal Name)
Accademia di San Luca / Académie Royale,Académie Royale,机构,原书 第7章; Gallica,[拆分] 巴黎皇家美术学院，代表了法式中央集权赞助模式。,The French Royal Academy of Painting and Sculpture.,Q337579,Académie royale de peinture et de sculpture,academy that sought to professionalize the artists working for the French court,0.5586206896551724,Smart Match (Formal Name)
Achille Bosisio,Achille Bosisio,人名,WorldCat; Google Books,19世纪意大利艺术史研究者，哈斯克尔引用其文献考证作品流向。,19th-c. researcher cited for tracing provenance.,,,,,Failed (Relaxed)
Aedes Barberina ad Quirinalem,Aedes Barberinae ad Quirinalem,著作,用户指认; Internet Archive,[纠错] 吉罗拉莫·泰蒂 (Girolamo Teti) 1642年出版的描述巴贝里尼宫收藏的著作。,Book by Girolamo Teti (1642).,,,,,Failed (Relaxed)
Albergo del Moretto,Albergo del Moretto,地点,原书 第15章; IA,位于布雷西亚的历史旅店，18世纪大游学（Grand Tour）的重要落脚点。,"Historic inn in Brescia, used by Grand Tourists.",,,,,Failed (Relaxed)
Allegory of Clemency,Allegory of Clemency,作品,原书 p.164; RKD,卡尔洛·马拉塔为教皇克雷芒十世（Altieri）创作的壁画。,Fresco by Carlo Maratta for Pope Clement X.,,,,,Failed (Relaxed)
Allegory of Coral fishing,The Discovery of Coral,作品,原书 第1章; RKD,雅各布·朱基为美第奇家族创作的寓言画，反映了赞助人对海权与珍宝的兴趣。,By Jacopo Zucchi for the Medici.,,,,,Failed (Relaxed)
Allegory of the Education of the Crown Prince,Allegory of the Education of the Prince,作品,原书 第14章; RKD,雅各布·阿米戈尼创作的寓言，反映了18世纪王室教育与艺术赞助的结合。,"By Jacopo Amigoni, royal education theme.",,,,,Failed (Relaxed)
Almorò Pisani,Almorò I Pisani,人名,原书 第14章; DBI,威尼斯显赫赞助人，圣波罗宫拥有者。,Venetian patron of the prominent Pisani family (San Polo).,,,,,Failed (Relaxed)
Altar Paintings (San Canciano),Altar of St. Peter of Alcantara,作品,原书 第11章; RKD,位于威尼斯圣坎奇亚诺教堂。哈斯克尔以此探讨地方修会的赞助。,"Altarpiece in San Canciano, Venice, for local orders.",,,,,Failed (Relaxed)
Altar of Friendship,Altar of Friendship,作品,原书 (Pisani); Google,位于皮萨尼别墅园林中，由 Giovanni Marchiori 创作。,"Sculpture by G. Marchiori at Villa Pisani, Stra.",,,,,Failed (Relaxed)
Altar of Tranquility and Rural Life,Altar of Tranquility,作品,原书 (Pisani); Google,皮萨尼别墅园林装饰，体现了对田园牧歌审美的赞助。,"Decorative work at Villa Pisani, reflecting pastoral tastes.",,,,,Failed (Relaxed)
Altar of Wealth and Apollo,Altar of Wealth,作品,原书 第12章,寓言性装饰，通常出现在分析商业精英赞助动机的章节。,Allegorical decoration regarding commercial elite patronage.,,,,,Failed (Relaxed)
Altarpiece for Chiesa Nuova,Madonna della Vallicella,作品,原书 第3章; RKD,鲁本斯为罗马新教堂创作。哈斯克尔分析国际画家在罗马的竞争。,"Rubens' famous altarpiece for Chiesa Nuova, Rome.",Q3842690,Madonna della Vallicella,painting by Peter Paul Rubens,0.7,Smart Match (Formal Name)
Altarpiece for Santa Maria dei Cappuccini,St. Anthony of Padua,作品,原书 第4章; RKD,古尔齐诺为卡普奇尼教堂创作。探讨方济各会赞助风格。,Altarpiece by Guercino for the Capuchin church.,Q18573062,St. Anthony of Padua,painting by Stefano di Giovanni Sassetta,0.7,Smart Match (Formal Name)
Altarpiece for St. Sebastian,Martyrdom of Saint Sebastian,作品,原书 (Venice); RKD,泛指威尼斯圣塞巴斯蒂安教堂祭坛画（主画由 委罗内塞 创作）。,"Altarpiece in San Sebastiano, Venice, by Veronese.",Q65508996,martyrdom of Saint Sebastian,event and artistic theme,0.7,Smart Match (Formal Name)
Altarpiece for the Augustinian Church,Saint Nicholas of Tolentino,作品,原书 第5章; RKD,哈斯克尔提及的奥斯定会赞助作品，多由 科尔托纳 创作。,"Specific Augustinian patronage work, likely by Cortona.",Q56558993,Saint Nicholas of Tolentino,painting by Giovanni Battista Moroni,0.7,Smart Match (Formal Name)
Altarpieces for the Royal Chapel,Royal Chapel Altarpieces,作品,原书 (Court Patronage),"指代都灵或那不勒斯皇家礼拜堂的组画。/ Refers to works in Royal Chapels (e.g., Turin",Naples).,,,,,Failed (Relaxed)
Ambrogio Mazenta,Ambrogio Mazenta,人名,DBI; Wikidata,17世纪意大利建筑师与评论家，曾获得达芬奇手稿。,17th-c. architect and critic linked to Leonardo's MSS.,,,,,Failed (Relaxed)
Andromache weeping before Aeneas,Andromache weeping before Aeneas,作品,RKD; Google,达尔·索莱（Dal Sole）为马切拉塔埃涅阿斯组画创作的单幅。,By Gian Gioseffo Dal Sole for Palazzo Buonaccorsi.,,,,,Failed (Relaxed)
Angels carrying the Instruments of the Passion,Angels with the Instruments of the Passion,作品,原书 第6章; Wikidata,贝尔尼尼为圣安杰洛桥设计。教皇克雷芒九世的宏大赞助工程。,Bernini's angels for Ponte Sant'Angelo.,Q20567586,Angels with the Instruments of the Passion,"painting by Unidentified artist, Flemish, first half 16th century (MFA, 42.282b)",0.8,Smart Match (Formal Name)
Annamaria Gabrielli,Anna Maria Gabrielli,人名,DBI; Google,17世纪罗马著名赞助人。,Prominent 17th-c. Roman noblewoman and patron.,,,,,Failed (Relaxed)
Annan Gallery,Annan Gallery,机构,BM (Galleries),19世纪格拉斯哥画廊，哈斯克尔研究意大利绘画流向英国时提及。,19th-c. Glasgow gallery cited for art movement.,,,,,Failed (Relaxed)
Annibale Laparelli,Annibale Laparelli,人名,原书 第4章; DBI,17世纪收藏代理人。哈斯克尔通过其账簿进行微观史学研究。,17th-c. agent; cited for his ledger evidence.,,,,,Failed (Relaxed)
Anti-papal satire (Alexander VII),Anti-papal Satire,著作/概念,原书 第6章; BNF,针对亚历山大七世的讽刺画，展现了官方赞助外的敌意倾向。,Satirical prints against Pope Alexander VII.,,,,,Failed (Relaxed)
Antichiesetta (San Marco),Antichiesetta of the Palazzo Ducale,地点,原书 p.260,威尼斯总督府内，分析提齐安诺等人的非公共赞助。,The vestibule in the Doge's Palace near San Marco.,,,,,Failed (Relaxed)
Antichità di Palazzi,Le antichità di palazzi di Roma,著作,原书 p.159; IA,G.B. Falda 等人出版的罗马宫殿版画集。,Print series on Roman palaces by Falda or Rossi.,,,,,Failed (Relaxed)
Anton Francesco Farsetti,Anton Francesco Farsetti,人名,原书 第14章; DBI,威尼斯显赫赞助人，建立了著名的法尔塞蒂收藏。,Prominent Venetian patron (1705-1791).,,,,,Failed (Relaxed)
Antonino Maresca ... Serracapriola,Antonino Maresca,人名,原书 p.372; DBI,那不勒斯外交官，在卡诺瓦早期赞助中扮演关键角色。,Neapolitan diplomat and patron of Canova.,Q2857159,Antonino Maresca,,0.7,Smart Match (Formal Name)
Antonio Maria Visconti,Antonio Maria Visconti,人名,原书 p.124; DBI,17世纪贵族赞助人，哈斯克尔引用其档案揭示赞助社交网。,17th-c. noble patron; cited for patronage networks.,,,,,Failed (Relaxed)
Antonio degli Effetti,Antonio degli Effetti,人名,原书 p.124; Google,17世纪罗马博学者，其《画室研究》是核心参考文献。,17th-c. Roman scholar; author of Studiolo di pittura.,,,,,Failed (Relaxed)
Apollo ... Frederick Barbarossa's bride,The Marriage of Frederick Barbarossa,作品,原书 第14章; RKD,提埃坡罗在维尔茨堡宫的壁画杰作。,Fresco by Giambattista Tiepolo at Würzburg Residenz.,Q26706747,The Marriage of Frederick Barbarossa,painting by Giovanni Domenico Tiepolo,0.8,Smart Match (Formal Name)
Apotheosis of the Pisani Family,Apotheosis of the Pisani Family,作品,原书 第14章; Wikidata,提埃坡罗为斯特拉皮萨尼别墅创作的巨幅天顶画。,"Ceiling fresco by Tiepolo at Villa Pisani, Stra.",,,,,Failed (Relaxed)
Archbishop of Tarsus,Giulio Rospigliosi (Clement IX),人名,原书 第6章; DBI,即后来的教皇克雷芒九世，普桑和贝尔尼尼的关键赞助人。,Later Pope Clement IX; key patron of Poussin and Bernini.,Q155961,Clement IX,"pope from 1667, lived 1600-1669",0.4439024390243902,Relaxed Match (Name without Parens)
Archivio Comunale di Treviso,Archivio Comunale di Treviso,机构,原书 参考文献,哈斯克尔引用其文书考证威尼斯属地的订单细节。,Cited for documenting art commissions in Treviso.,,,,,Failed (Relaxed)
Archivio Mediceo del Principato,Archivio Mediceo del Principato,机构,原书 参考文献; Google,佛罗伦萨档案馆中美第奇家族的核心外交与艺术文书。,The core Medici archive section in Florence.,,,,,Failed (Relaxed)
Archivio del Governatorato di Roma,Archivio del Governatorato di Roma,机构,原书 参考文献,哈斯克尔研究罗马城市管理与赞助法规的重要来源。,Archive regarding Roman urban governance and patronage.,,,,,Failed (Relaxed)
Archivio della Compagnia di Gesù,Archivium Romanum Societatis Iesu,机构,原书 参考文献; Google,耶酥会档案馆，研究耶稣教堂装饰的核心库。,"The Jesuit archives (ARSI), central to studying the Gesù.",,,,,Failed (Relaxed)
Archivio di Stato di Venezia (Notarile),Archivio di Stato di Venezia,机构,原书 参考文献,哈斯克尔考证威尼斯赞助人遗嘱与合同的核心地。,Venice State Archives; cited for wills and contracts.,Q2324776,State Archives of Venice,state archive in Italy,0.4307692307692308,Relaxed Match (Formal Name)
Archivio di Stato di Venezia (Stampe),Archivio di Stato di Venezia (Stampe),机构,原书 参考文献,哈斯克尔研究威尼斯版画赞助与流向的特定档案。,Section for prints in the Venice State Archives.,Q2324776,State Archives of Venice,state archive in Italy,0.3967213114754098,Relaxed Match (Name without Parens)
Ariadne being woken by Love,Bacchus and Ariadne,作品,原书 p.265; RKD,塞巴斯蒂亚诺·里奇为契斯里内利家族创作。,Work by Sebastiano Ricci for the Chislinelli family.,Q1206860,Bacchus and Ariadne,painting by Titian,0.7,Smart Match (Formal Name)
Art patronage in 17th-century Munich,Art patronage in Munich,概念,原书 结论,探讨巴伐利亚宫廷对意大利艺术模式的借鉴与竞争。,Discusses Munich court patronage vs. Italian models.,,,,,Failed (Relaxed)
Arte dei Salumieri,Arte dei Salumieri (Guild),机构,原书 第11章; Google,威尼斯猪肉商行会，展示了非精英阶层的赞助模式。,Venetian butchers' guild; shows non-elite patronage.,,,,,Failed (Relaxed)
Artist's position in society (Concept),Artist's position in society,概念,原书 序言/结论,全书探讨的核心主题：艺术家从技工向知识分子的转变。,Core theme: transition from artisan to intellectual.,,,,,Failed (Relaxed)
Arts Graphiques de la Cité (AGRACI),AGRACI,机构,BNF; Google,哈斯克尔引用或使用的法国影像机构，用于巴洛克图像研究。,French photo agency used for Baroque research.,Q16237132,Agracio,Wikimedia disambiguation page,0.4615384615384615,Smart Match (Formal Name)
Augustinian Monastery Altarpiece,Augustinian Monastery Altarpiece,作品,原书 第5章,泛指圣奥古斯丁教堂祭坛画，常涉及 兰弗兰科 创作。,"Refers to altarpieces for Augustinians (e.g., by Lanfranco).",,,,,Failed (Relaxed)
Aurelio Rezzonico,Aurelio Rezzonico,人名,原书 第14章; DBI,克雷芒十三世的兄弟，研究雷佐尼科家族在罗马的权势。,Brother of Clement XIII; key to Rezzonico power.,,,,,Failed (Relaxed)
Baglioni Collection,Baglioni Collection (Venice),机构,原书 p.336; Getty,18世纪威尼斯著名私人收藏，体现了中产阶级的崛起。,Famous 18th-c. Venetian private collection.,,,,,Failed (Relaxed)
Barberini Chapel (Sant'Andrea),Cappella Barberini,地点,原书 第6章; Google,位于圣安德烈圣殿，乌尔班八世早期赞助的起点。,Barberini chapel in Sant'Andrea della Valle.,,,,,Failed (Relaxed)
Barberini Library,Biblioteca Barberina,机构,原书 第6章; Wikidata,17世纪罗马知识生活中心，文化赞助策源地。,Epicenter of Roman intellectual and cultural patronage.,,,,,Failed (Relaxed)
Basilica of Santa Sabina,Basilica of Santa Sabina,地点,原书 p.124; Wikidata,罗马巴西利卡，涉及巴洛克改造中的赞助政治。,Roman Basilica; discussed regarding Baroque remodeling.,,,,,Failed (Relaxed)
Batteria di Cucina,Still Life with Kitchen Utensils,作品,原书 p.336; BM,[定性] 多梅尼科·马焦托为杰里尼侯爵创作的写实静物。,Still life by Domenico Maggiotto for Marchese Gerini.,Q104537262,Still life with kitchen utensils,painting by Jean-Baptiste-Siméon Chardin,0.8999999999999999,Smart Match (Formal Name)
Beggar holding a Rosary,The Old Beggar with a Rosary,作品,原书 第11章; RKD,吉亚科莫·切鲁蒂作品，体现伦巴第写实主义赞助。,"By Giacomo Ceruti, reflects Lombard realism patronage.",,,,,Failed (Relaxed)
Bell Towers for St. Peter's Basilica,Bernini's Campanili,作品,原书 第6章; Wikidata,贝尔尼尼设计的被迫拆除的钟楼，分析赞助挫折。,Bernini's dismantled bell towers for St. Peter's.,,,,,Failed (Relaxed)
Bergamasque Community,Bergamasque Community in Venice,群体,原书 第11章,威尼斯境内的贝尔加莫社群，哈斯克尔研究其行会赞助。,The Bergamasque guild and its patronage in Venice.,,,,,Failed (Relaxed)
Bibliothèque de Montpellier,Bibliothèque de Montpellier,机构,Gallica; Wikidata,哈斯克尔在考证法籍赞助人及其收藏史时引用的资源库。,"Library in Montpellier, cited for provenance studies.",,,,,Failed (Relaxed)
Bishop Harold von Hocheim Investiture,Investiture of Bishop Harold,作品,原书 第14章; RKD,提埃坡罗在维尔茨堡宫的壁画。,Fresco by Giambattista Tiepolo at Würzburg Residenz.,,,,,Failed (Relaxed)
Bonfiglioli Collection,Bonfiglioli Collection (Bologna),机构,原书 第10章; Getty,17世纪博洛尼亚重要收藏，是哈斯克尔分析博洛尼亚赞助的核心。,Major 17th-c. Bolognese collection.,,,,,Failed (Relaxed)
Bonisezio Gozzadini,Bonifazio Gozzadini,人名,原书 p.124; DBI,博洛尼亚贵族，哈斯克尔讨论博洛尼亚与罗马赞助博弈时的对象。,Bolognese aristocrat; cited regarding regional patronage.,Q124754142,Bonifazio Gozzadini,,0.7,Smart Match (Formal Name)
Brutus killing Arruns,Brutus and Arruns,作品,原书 p.231; RKD,索利梅纳为 Buonaccorsi 宫创作的单幅，体现英雄主义赞助。,By Solimena for Palazzo Buonaccorsi series.,,,,,Failed (Relaxed)
Bust of Francis Bacon,Francis Bacon,作品,原书 (British); BM,路易·弗朗索瓦·鲁比利阿克（Roubiliac）创作。,Bust of Francis Bacon by L.F. Roubiliac.,Q154340,Francis Bacon,Irish-born British figurative painter (1909–1992),0.8999999999999999,Smart Match (Formal Name)
Bust of Paolo Renier,Paolo Renier,作品,原书 第16章; RKD,安东尼奥·卡诺瓦早期作品，涉及威尼斯末代赞助人。,Bust of Doge Paolo Renier by Antonio Canova.,Q663054,Paolo Renier,"119th, and penultimate, Doge of Venice",1.0,Smart Match (Formal Name)
Bust of Phocion,Phocion,作品,原书 (Neoclassicism),常见于巴洛克至新古典时期的英雄主义肖像订制。,"Bust of Phocion, a common heroic classical subject.",Q121842052,Phocion,male given name,0.7,Smart Match (Formal Name)
Camillo Carandini,Camillo Carandini,人名,DBI; Google,17世纪赞助人或教皇代理，哈斯克尔引用其文献考证订单。,17th-c. agent or patron cited for art commissions.,,,,,Failed (Relaxed)
Campagna / Girolamo Campagna,Roman Campagna,地点,拆分准则; Wikidata,[拆分] 罗马郊野，哈斯克尔分析风景画赞助的核心地。,"The Roman countryside, central to landscape studies.",Q1030086,Roman Campagna,"low-lying area surrounding Rome, Lazio, Italy",0.8,Smart Match (Formal Name)
Campagna / Girolamo Campagna,Girolamo Campagna,人名,拆分准则; Getty,[拆分] 17世纪重要雕塑家，哈斯克尔探讨风格演变的桥梁。/ Important sculptor in late 16th,early 17th c.,Q281653,Girolamo Campagna,Italian artist (1549-1625),0.7,Smart Match (Formal Name)
Capricci Copiosi di Figure,Capricci di varie figure,著作,IA; Wikidata,雅克·卡洛（Jacques Callot）的版画系列，哈斯克尔引用。,"Print series by Jacques Callot, cited by Haskell.",Q123505579,Capricci di varie figure (36) : Un pêcheur assis,,0.5333333333333333,Relaxed Match (Formal Name)
Cardinal Mazarin in His Gallery,Cardinal Mazarin in His Gallery,作品,原书 (Mazarin); RKD,德拉罗什（Delaroche）作品。哈斯克尔以此探讨马扎然的赞助。,Paul Delaroche's painting of Mazarin's collection.,,,,,Failed (Relaxed)
Caricature of Cassiano dal Pozzo,Caricature of Cassiano dal Pozzo,作品,原书 p.124; Google,可能由 皮埃特罗·达·科尔托纳 创作。展现了鉴赏家的非正式肖像。,Informal caricature of the great collector Cassiano.,,,,,Failed (Relaxed)
Carlo Baccinelli,Carlo Baccinelli,人名,原书 第10章; DBI,哈斯克尔引用或描述的博洛尼亚赞助/收藏相关人物。/ Figure in Bolognese patronage,collecting networks.,,,,,Failed (Relaxed)
Carlo Camillo II Massimi,Cardinal Carlo Camillo Massimi,人名,原书 第6章; DBI,17世纪最重要的赞助人之一，普桑和马拉塔的朋友。,One of the most important 17th-c. patrons; friend of Poussin.,,,,,Failed (Relaxed)
Carlo Cordellina,Carlo Cordellina,人名,原书 第14章; DBI,威尼斯赞助人，委托提埃坡罗创作著名的科尔德利纳别墅壁画。,Venetian patron; commissioned Tiepolo for Villa Cordellina.,,,,,Failed (Relaxed)
Carlo Quarismini,Carlo Quarismini,人名,原书 第11章; DBI,哈斯克尔讨论威尼斯及其腹地艺术流动时提及的收藏者。,Collector mentioned regarding art circulation in Venice.,,,,,Failed (Relaxed)
Carro della Notte,Il Carro della Notte (Night Chariot),作品,原书 第4章; RKD,马切洛·普罗文扎莱或 古尔齐诺 为波格赛家族创作。,"Chariot of Night, fresco for the Borghese or Ludovisi.",,,,,Failed (Relaxed)
Caterina Barbarigo,Caterina Barbarigo,人名,DBI; Google,威尼斯贵妇与赞助人。哈斯克尔在分析威尼斯沙龙赞助时提及。,Venetian noblewoman and patron in salon culture.,,,,,Failed (Relaxed)
Ceiling Frescoes (Palazzo Altieri),Palazzo Altieri Ceilings,作品,原书 第6章; RKD,卡尔洛·马拉塔等人的巅峰之作。,"Ceiling frescoes by Maratta in Palazzo Altieri, Rome.",,,,,Failed (Relaxed)
Ceiling Frescoes (Quirinal Palace),Quirinal Palace Ceilings,作品,原书 第5章; RKD,兰弗兰科等人的大型装饰计划。,Major decoration programs in the Quirinal by Lanfranco.,,,,,Failed (Relaxed)
Ceiling fresco (Augustinian Church),St. Augustine in Glory,作品,原书 第5章; RKD,通常指罗马圣奥古斯丁教堂由 兰弗兰科 创作的天顶画。,Ceiling fresco by Lanfranco for the Augustinians.,,,,,Failed (Relaxed)
Ceiling of Palazzo Doria Pamphilj,Palazzo Doria Pamphilj Ceiling,作品,原书 第7章; RKD,彼得罗·达·科尔托纳 的名作。,Ceiling fresco by Pietro da Cortona in Palazzo Doria.,,,,,Failed (Relaxed)
Ceremonies of the Grand Duke,Ceremonies of the Grand Duke,活动,原书 第8章,哈斯克尔讨论托斯卡纳宫廷赞助与仪式的章节。,Court ceremonies in Tuscany reflecting patronage power.,,,,,Failed (Relaxed)
Chapel of St. Lawrence,Cappella di San Lorenzo,地点,原书 (Saints),位于都灵或罗马，哈斯克尔分析特定圣徒赞助。/ Chapel dedicated to St. Lawrence; discussed in Turin,Rome.,Q118315671,Cappella di San Lorenzo e di San Bernardo,"chapel in Saint-Pierre, Italy",0.559375,Relaxed Match (Formal Name)
Chapel of St. Stanislaus Kostka,Cappella di San Stanislao Kostka,地点,原书 第6章; Google,罗马圣安德烈奎里纳莱，哈斯克尔讨论耶酥会赞助。,Located in Sant'Andrea al Quirinale; Jesuit patronage.,,,,,Failed (Relaxed)
Chapels of Santa Maria Maggiore,Paolina and Sistine Chapels,地点,原书 p.124,罗马圣母大殿内的竞争性赞助案例。,Competitive patronage in Santa Maria Maggiore.,,,,,Failed (Relaxed)
Charles Gordon-Lennox ... Richmond,"Charles Lennox, 3rd Duke of Richmond",人名,BM; Wikidata,18世纪英国大收藏家。,3rd Duke of Richmond; major 18th-c. British grand tourist.,Q1065334,"Charles Lennox, 3rd Duke of Richmond",British politician and army officer (1735-1806),0.8999999999999999,Smart Match (Formal Name)
Charles I ... / Charles II?,Charles I of England,人名,拆分准则; Wikidata,[拆分] 英国国王，全书研究意大利绘画外流的关键。,King of England; major international collector.,Q81506,Charles I of England,"monarch of the three kingdoms of England, Scotland, and Ireland (1600-1649)",0.8,Smart Match (Formal Name)
Charles I ... / Charles II?,Charles II of England,人名,拆分准则; Wikidata,[拆分] 英国国王，哈斯克尔讨论品味延续的对象。,King of England; discussed regarding taste continuity.,Q122553,Charles II of England,British monarch from 1660 to 1685,0.7,Smart Match (Formal Name)
Charles-François de Saint-Saulieu,Charles-François de Saint-Saulieu,人名,Gallica; Google,18世纪法国外交官及赞助人。,18th-c. French diplomat and patron active in Italy.,,,,,Failed (Relaxed)
"Christian Louis I, Duke of Mecklenburg",Christian Ludwig I,人名,Wikidata; Google,哈斯克尔讨论北欧王室赞助时的案例。,Duke of Mecklenburg-Schwerin; courtly patron.,Q473885,"Christian Louis I, Duke of Mecklenburg",Duke of Mecklenburg-Schwerin,0.8,Smart Match (Formal Name)
Church of San Sebastiano (Venice),"San Sebastiano, Venice",地点,原书 p.260; Wikidata,全书讨论委罗内塞及17世纪延续性赞助的核心地。,Center for Veronese and 17th-c. Venetian studies.,Q588559,San Sebastiano,"16th-century Roman Catholic church in Venice, Italy",0.3888888888888889,Relaxed Match (Formal Name)
Churches of Religious Orders,Patronage of Religious Orders,概念,全书核心主题,哈斯克尔全书核心：不同修会（耶酥会、方济各会）的品味差异。,Patronage patterns of different religious orders.,,,,,Failed (Relaxed)
Cincinnatus Summoned from the Plough,Cincinnatus Called from the Plough,作品,原书 (Heroism); RKD,提埃坡罗或 皮埃特罗·达·科尔托纳 的名作。,Heroic subject painted by Tiepolo or Cortona.,,,,,Failed (Relaxed)
Cincinnatus summoned from the Plough,Cincinnatus Called from the Plough,作品,原书 (Heroism); RKD,重复项，同上行，体现了不同赞助周期中的版本差异。,Duplicate; version study in different patronage cycles.,,,,,Failed (Relaxed)
Coggio Pittoni,Francesco Pittoni,人名,原书 p.265; DBI,[定性] 哈斯克尔常提及的“科焦（老）”皮托尼。,Older generation of the Pittoni family of painters.,Q3081058,Francesco Pittoni,Italian painter (1645-1724),0.8,Smart Match (Formal Name)
Coggio Pittoni,Giambattista Pittoni,人名,原书 p.265; Getty,[延伸] 与上行相关的18世纪名家。,The famous 18th-c. Venetian master Giambattista Pittoni.,Q982011,Giambattista Pittoni,Italian Old Master painter (1687-1767),0.8999999999999999,Smart Match (Formal Name)
Coggio Pittoni (Artist?),Coggio Pittoni,人名,原书 p.265,指代皮托尼家族中的某位不太确定的早期艺术家成员。,Refers to a less-certain early member of the Pittoni family.,,,,,Failed (Relaxed)
Collegio di Siena,"Collegio Tolomei, Siena",机构,原书 p.231,哈斯克尔分析省级教育机构对艺术品订制的章节。,Sienese college cited for educational art commissions.,Q89207506,Collegio Tolomei,Italian high school,0.6102564102564103,Relaxed Match (Formal Name)
Congregazione dei Virtuosi al Pantheon,Congregazione dei Virtuosi al Pantheon,机构,原书 p.124; Wikidata,罗马古老的艺术同业会。哈斯克尔以此讨论非学院派的赞助社交。,Ancient artistic brotherhood in Rome; discussed regarding social circles.,,,,,Failed (Relaxed)
Consiglio del Consorzio,Consiglio del Consorzio di San Giuseppe,机构,"原书: 第11章; 库: Google Scholar, Venice Archives",威尼斯圣乔治·马焦雷教堂相关的艺术委员会。哈斯克尔以此讨论宗教团体对公共艺术的集体赞助。,Art committee in Venice discussed regarding collective religious patronage.,,,,,Failed (Relaxed)
Conte Carpegna,Cardinal Gaspare di Carpegna,人名,"原书: 第6章; 库: DBI, Wikidata",17世纪罗马极具影响力的红衣主教及古物、艺术赞助人。哈斯克尔研究其作为巴洛克晚期品味风向标的作用。,Influential 17th-c. Roman Cardinal and major antiquarian patron.,,,,,Failed (Relaxed)
Conte Cavazza,Gaspare Cavazza,人名,原书: 第14章; 库: DBI,18世纪威尼斯赞助人。哈斯克尔提及他在威尼斯画派（如提埃坡罗）赞助网络中的地位。,18th-c. Venetian patron in Tiepolo's circle.,,,,,Failed (Relaxed)
Copy of Annibale Carracci's Works,Copies after Annibale Carracci,作品,原书: 第4章; 库: RKD,泛指17-18世纪赞助人订制的卡拉奇名作副本。哈斯克尔以此探讨经典大师作品的市场需求。,Replicas of Carracci's works for patrons.,,,,,Failed (Relaxed)
Copy of Raphael's Loggias,Copies of Raphael's Loggie,作品,原书: 第7章; 库: Internet Archive,拉斐尔长廊的临摹件。哈斯克尔通过其在各大家族宫殿中的流行，分析梵蒂冈范式的传播。,Copies of Raphael's Loggie at the Vatican.,,,,,Failed (Relaxed)
Cornelius de Stael,Cornelis de Wael,人名,依据: 拼写错误修复; 库: Getty ULAN,[纠错] 活跃于热那亚和罗马的佛兰德画家，是艺术交流与市场的关键中介。,Flemish painter and agent in Italy.,Q251131,Cornelis de Wael,Flemish painter and engraver (1592-1667),0.8999999999999999,Smart Match (Formal Name)
Count Waldstein,Karl Ernst von Waldstein,人名,依据: 赞助背景; 库: Wikidata,哈斯克尔提及的波西米亚贵族，17世纪末在意大利进行的宏大艺术采购。,Bohemian noble and patron in late 17th-c. Italy.,Q1471491,Karl Ernst von Waldstein,(1661-1713),0.7,Smart Match (Formal Name)
Count of Monterrey,Manuel de Acevedo y Zúñiga,人名,原书: 第8章; 库: Wikidata,那不勒斯总督，西班牙国王在意大利的核心赞助代理人。,Spanish Viceroy of Naples and major art patron.,Q3845070,Manuel de Acevedo y Zúñiga,Viceroy of Naples,0.8999999999999999,Smart Match (Formal Name)
Couvent des Augustins Déchaussés,Couvent des Petits-Pères,机构,"依据: IA; 库: Gallica, Wikidata",巴黎赤足奥斯定会修道院。哈斯克尔以此讨论法意修会间的艺术标准流变。,Discalced Augustinian convent in Paris.,Q60965652,Couvent des Petits Pères,"convent located in Paris, in France",0.7791666666666668,Smart Match (Formal Name)
Cremonese School,Cremonese School,概念,依据: 艺术史术语; 库: Getty AAT,克雷莫纳画派。哈斯克尔分析其对伦巴第现实主义赞助传统的贡献。,Artistic school of Cremona.,,,,,Failed (Relaxed)
Creusa imploring Aeneas,Creusa imploring Aeneas,作品,原书: p.231; 库: RKD,弗朗切斯科·索利梅纳 (Solimena) 为马切拉塔 Buonaccorsi 宫创作。体现了赞助人对英雄史诗叙事的审美。,By Solimena for Palazzo Buonaccorsi.,,,,,Failed (Relaxed)
Cristoforo Tencalla,Cristoforo Tencalla,人名,"库: Wikidata, DBI",巴洛克建筑师。哈斯克尔通过其在多地的工程分析赞助人的跨区域审美偏好。,Baroque architect active in Central Europe.,,,,,Failed (Relaxed)
Customs duty on pictures,Customs duty on art,概念,原书: 第16章; 库: JSTOR,艺术品进出口关税。哈斯克尔探讨艺术品作为商品在欧洲流通的经济壁垒。,Economic barriers to the art trade.,,,,,Failed (Relaxed)
Dance of Nymphs,Dance of Nymphs,作品,原书: 第6章; 库: RKD,常见于 克劳德·洛兰 或 普桑 的理想风景画中。哈斯克尔探讨其在古典口味中的象征意义。,Subject in classical landscapes by Claude or Poussin.,,,,,Failed (Relaxed)
Daniele Dolfin III,Daniele Dolfin,人名,依据: 家族谱系; 库: DBI,威尼斯政治家与赞助人。哈斯克尔研究多尔芬家族在威尼斯末期的权力与艺术投入。,Venetian statesman and patron.,Q3014934,Daniele Dolfin,Italian cardinal (1688–1762),0.7,Smart Match (Formal Name)
Daniele Dolfin IV,Daniele Dolfin IV,人名,依据: 家族谱系; 库: DBI,威尼斯高级官员。哈斯克尔以此讨论18世纪威尼斯贵族的官僚赞助模式。,Venetian official and family patron.,,,,,Failed (Relaxed)
Death of Regulus,The Death of Regulus,作品,"原书: 第8章; 库: RKD, ArtIC",萨尔瓦托·罗莎 (Salvator Rosa) 创作的具有斯多葛主义色彩的作品（现藏芝加哥艺术博物馆）。,By Salvator Rosa; reflects Stoic heroic taste.,Q77877582,The Death of Regulus,painting by Claude-Joseph Vernet,0.7,Smart Match (Formal Name)
Death of St. Francis Xavier,The Death of St. Francis Xavier,作品,"原书: 第6章; 库: RKD, Wikidata",巴奇乔 (Baciccio) 为耶稣教堂创作。哈斯克尔分析教皇支持下的耶稣会赞助巅峰。,"By Baciccio for the Gesù, Rome.",Q20266977,The Death of St. Francis Xavier,"painting by Veronica Stern, attributed to",0.7,Smart Match (Formal Name)
Decorations for St. Augustine Church,Decorations of Sant'Agostino,作品,原书: 第5章; 库: RKD,罗马圣奥古斯丁教堂的内部装饰，涉及 彼得罗·达·科尔托纳 的赞助计划。,"Decorative programs in Sant'Agostino, Rome.",,,,,Failed (Relaxed)
Dedicatory Frontispiece,Dedicatory Frontispiece,概念,原书: 第14章; 库: Getty AAT,献词扉页。哈斯克尔以此分析版画出版中赞助人与艺术家之间的正式契约关系。,Frontispieces showing patron-artist relationships.,,,,,Failed (Relaxed)
Design for Sant'Andrea al Quirinale,Sant'Andrea al Quirinale Designs,作品,原书: 第6章; 库: RKD,贝尔尼尼 为教皇亚历山大七世设计的耶稣会教堂方案及草图。,Bernini's designs for the Jesuit church.,,,,,Failed (Relaxed)
Design for St. Peter's Square,Designs for Piazza San Pietro,作品,原书: 第6章; 库: Wikidata,涉及贝尔尼尼及前代建筑师为圣彼得广场提交的竞争性方案。,Bernini's and others' plans for St. Peter's Square.,,,,,Failed (Relaxed)
Devolution of Urbino to the Papacy,Devolution of Urbino,事件,原书: 绪论; 库: Wikidata,1631年乌尔比诺公国并入教皇国。哈斯克尔探讨该事件对地方赞助资源的重组影响。,Inclusion of Urbino into Papal States in 1631.,,,,,Failed (Relaxed)
Diffusion of Neapolitan painting,Diffusion of Neapolitan painting,概念,原书: 第8章; 库: JSTOR,那不勒斯绘画的跨国扩散。哈斯克尔以此分析索利梅纳等人的国际艺术影响力。,The spread of Neapolitan stylistic influence.,,,,,Failed (Relaxed)
Divine Virtues,The Divine Virtues,概念,原书: 第6章; 库: Getty ICON,常见于巴洛克天顶画中的寓言形象（如马拉塔创作）。象征赞助人的神圣授权。,Allegorical figures in Baroque ceilings.,,,,,Failed (Relaxed)
Dome Frescoes (Sant'Agnese in Agone),Sant'Agnese in Agone Dome,作品,原书: 第7章; 库: RKD,西罗·费里 (Ciro Ferri) 创作的穹顶画。哈斯克尔讨论帕姆菲利家族的赞助轨迹。,Fresco by Ciro Ferri in Sant'Agnese.,,,,,Failed (Relaxed)
Domenico Darmanno,Domenico Darmanno,人名,依据: 档案记录; 库: DBI,活跃于威尼斯的雕塑家或工匠。哈斯克尔引用其记录以揭示基层赞助情况。 / Sculptor,craftsman active in Venice.,,,,,Failed (Relaxed)
Domenico Lionati da Fanano,Domenico Lionati,人名,库: Google Scholar; DBI,17世纪活跃于罗马艺术市场的代理商，在朱斯蒂尼亚尼家族账目中出现。,Art agent or broker active in the Roman market.,,,,,Failed (Relaxed)
Domenico Pompeati,Domenico Pompeati,人名,依据: 拼写核对; 库: DBI,威尼斯收藏家与鉴赏家。哈斯克尔分析其与扎内蒂 (Zanetti) 在版画市场的交集。,Venetian collector linked to Zanetti.,,,,,Failed (Relaxed)
Domenico da Isnello,Domenico da Isnello,人名,依据: 赞助记录; 库: DBI,18世纪西西里方济各会教士，哈斯克尔引用其在罗马的艺术订单记录。,Sicilian patron active in Rome.,,,,,Failed (Relaxed)
Drawings of Sagredo Family Members,Sagredo Family Portrait Drawings,作品,原书: 第14章; 库: British Museum,可能指代 扎内蒂 为萨格雷多家族创作的素描集（现分藏于BM等处）。,Drawings of the Sagredo family members by Zanetti.,,,,,Failed (Relaxed)
Dream of St Joseph,The Dream of St. Joseph,作品,原书: 宗教赞助; 库: RKD,哈斯克尔以此指代特定赞助周期中的版本（如 里奇 或 索利梅纳 创作）。,Biblical subject painted by Solimena or Ricci.,Q27895601,The Dream of St. Joseph,painting by Luca Giordano,0.7,Smart Match (Formal Name)
Duchess of Bagnara,Duchess of Bagnara,人名,"库: DBI, Google",那不勒斯显赫女赞助人。哈斯克尔在讨论那不勒斯宫廷生活与艺术时提及。,Prominent Neapolitan female patron.,,,,,Failed (Relaxed)
Duchess of Savoy,Marie Jeanne of Savoy,人名,原书: 宫廷赞助; 库: Wikidata,“第二位圣母大人”，都灵最重要的艺术赞助人。哈斯克尔描述其对都灵城市的改造。,Marie Jeanne Baptiste of Savoy-Nemours; major patron.,Q33188,Marie Jeanne of Savoy,Duchess of Savoy (1644–1724),0.8999999999999999,Smart Match (Formal Name)
Duplex Intercessio,Duplex Intercessio,概念,原书: 宗教赞助; 库: Google,神学主题“双重代祷”。哈斯克尔以此分析耶稣会特定的圣像学赞助。,Theological iconographic theme used in Jesuit patronage.,,,,,Failed (Relaxed)
Dutch artists,The Bamboccianti,群体,原书: 第5章; 库: Wikidata,哈斯克尔详述了活跃于罗马的荷兰写实画派（范拉尔等）对传统古典赞助的挑战。,Dutch genre painters in Rome who challenged classical ideals.,Q2344569,Bamboccianti,followers of Pieter van Laer and other Bentvueghels in Rome,0.7285714285714286,Relaxed Match (Name without 'The')
Edoardo Lombardo,Edoardo Lombardo,人名,库: WorldCat,19世纪意大利历史学家，哈斯克尔引用其文献以追溯早期艺术品流通谱系。,19th-c. historian cited for tracing provenance.,,,,,Failed (Relaxed)
Eleonora Zambeccari,Eleonora Zambeccari,人名,依据: 原书 p.55; 库: DBI,博洛尼亚赞助人。哈斯克尔引用其书信论证赞助人与画家的亲密私人关系。,Bolognese patron; cited for patron-artist relations.,,,,,Failed (Relaxed)
Elisa Carandini,Elisa Carandini,人名,库: Google; DBI,罗马贵族。哈斯克尔提及她在非正式艺术赞助与沙龙中的枢纽作用。,Roman noblewoman active in salon patronage.,,,,,Failed (Relaxed)
Elisabetta Antoniazzi Rossi,Elisabetta Antoniazzi Rossi,人名,"库: DBI, Google",哈斯克尔提及的伦巴第收藏者，反映了18世纪该地区对现实题材的支持。,Patron or collector in Lombardy mentioned by Haskell.,,,,,Failed (Relaxed)
Emperor Henry IV ... Gregory VII,Submission of Henry IV to Gregory VII,作品,原书: p.231; 库: RKD,弗朗切斯科·索利梅纳 为马切拉塔画廊创作的史诗题材作品。,Epic history painting by Solimena for Macerata.,,,,,Failed (Relaxed)
Enea Arnaldi / Lodovico Arnaldi? (拆 A),Enea Arnaldi,人名,"依据: 拆分原则; 库: DBI, Wikidata",[拆分] 维琴察建筑师与理论家。哈斯克尔分析他在新古典主义赞助转型中的理论贡献。,Vicentine architect and theorist.,Q16551995,Enea Arnaldi,Italian architect (1716-1794),0.8,Smart Match (Formal Name)
Enea Arnaldi / Lodovico Arnaldi? (拆 B),Lodovico Arnaldi,人名,依据: 拆分原则; 库: DBI,[拆分] 活跃于威尼托的建筑师，哈斯克尔常提及他在帕拉迪奥研究中的赞助立场。,"Architect from the Veneto, involved in Palladian revival.",,,,,Failed (Relaxed)
Enea Silvio Caprara,Enea Silvio Caprara,人名,"库: Wikidata, DBI",奥地利帝国元帅，博洛尼亚赞助人。哈斯克尔以此说明军事精英的艺术收藏。,Imperial Field Marshal and Bolognese patron.,,,,,Failed (Relaxed)
English patronage,English Art Patronage,概念,原书: 第16章,全书最后一章核心。探讨意大利艺术如何通过各种渠道流向英国私人庄园。,Movement of Italian art to Britain; core theme.,,,,,Failed (Relaxed)
Entrance of Procurator Giorgio Pisani,Entrance of Giorgio Pisani,活动,依据: IA; 库: British Museum,威尼斯大典，哈斯克尔引用此事件以论证威尼斯末期赞助权力的视觉化表演。,Venetian ceremony documented in art and prints.,,,,,Failed (Relaxed)
Entry of the Count of Colloredo,Entrance of Count Colloredo,活动/作品,依据: IA; 库: Gallica,哈斯克尔引用的记录科洛雷多伯爵进入威尼斯仪式的文献及相关版画。,"Ceremonial entry into Venice, used as a patronage case.",,,,,Failed (Relaxed)
Estella Brunetti,Estella Brunetti,人名,"库: JSTOR, Google Scholar",20世纪艺术史学家。哈斯克尔引用其对巴洛克肖像与赞助契约的研究。,20th-c. art historian cited for patronage studies.,,,,,Failed (Relaxed)
Etchings of Oriental-style Heads,Raccolta di teste,著作,"依据: IA; 库: British Museum, RKD",詹巴蒂斯塔·提埃坡罗 及其子创作的系列版画。反映了18世纪对“异国奇想”题材的赞助。,Tiepolo's etchings of oriental heads.,,,,,Failed (Relaxed)
European scientific societies,European Scientific Societies,机构,原书: 结论,哈斯克尔讨论科学启蒙如何改变传统宗教艺术赞助的文化底色。,Background of scientific Enlightenment and patronage.,,,,,Failed (Relaxed)
Exhibition of S. Rocco,San Rocco Exhibition,活动,原书: 第11章; 库: Google Search,威尼斯圣罗科艺术展。哈斯克尔研究非订制市场与公共审美的重要现场。,Annual Venetian art exhibition at San Rocco.,,,,,Failed (Relaxed)
Fabio de Fabiis,Fabio de' Fabi,人名,依据: 拼写更正; 库: DBI,17世纪罗马收藏家与博学者，哈斯克尔在探讨“古代与现代”之争时引用的核心人物。,17th-c. Roman collector and scholar.,,,,,Failed (Relaxed)
Facade of Santa Maria del Giglio,Facade of Santa Maria del Giglio,地点,原书: 第11章; 库: Wikidata,朱塞佩·萨尔迪 为巴尔巴里戈家族设计的立面。哈斯克尔以此分析家族荣耀对教会空间的占领。,Sardi's facade for the Barbarigo family.,,,,,Failed (Relaxed)
Faith crushing Idolatry,Faith crushing Idolatry,作品,原书: 第6章; 库: RKD,让-巴蒂斯特·勒格罗斯 (Legros) 为罗马耶稣教堂创作的群雕。象征耶稣会的赞助意志。,"Sculpture by Legros for the Gesù, Rome.",,,,,Failed (Relaxed)
Fame Carrying the Name of Louis XIV... (拆分),Fame of Louis XIV,作品,依据: 语境指认; 库: RKD,指代 贝尔尼尼 为路易十四设计的寓言模型。哈斯克尔分析跨国权力的艺术输出。,Allegory of Louis XIV by Bernini or Ciro Ferri.,,,,,Failed (Relaxed)
Fame inscribing the glories of Louis XIV...,Fame inscribing Glories,作品,依据: 语境指认; 库: Gallica,路易十四相关的皇家赞助寓言画，多由驻意法籍艺术家（如 马纳）创作。,Royal patronage allegory relating to Versailles.,,,,,Failed (Relaxed)
Fantastical Heads in the Manner of Giorgione,Heads in the Manner of Giorgione,作品,原书: 第14章,哈斯克尔讨论18世纪威尼斯对乔尔乔内风格的怀旧性收藏与赞助。,18th-c. nostalgia for Giorgione-esque subjects.,,,,,Failed (Relaxed)
Faustina Savorgnan,Faustina Savorgnan,人名,依据: 家族研究; 库: DBI,18世纪威尼斯著名的女性收藏家。哈斯克尔以此分析萨沃尔尼亚家族的收藏动态。,Venetian noblewoman and art collector.,,,,,Failed (Relaxed)
Federico Correr Lorenzetti,Federico Correr,人名,依据: 拼写更正; 库: DBI,威尼斯收藏家。哈斯克尔引用其遗嘱以考证重要巴洛克作品的市场流转。,Venetian collector; cited for provenance evidence.,,,,,Failed (Relaxed)
Flemish artists in Rome,Flemish colony in Rome,群体,原书: 第5章,探讨活跃于罗马的佛兰德画家（如德瓦埃勒）及其特定的赞助人网络。,The network of Flemish painters and patrons in Rome.,,,,,Failed (Relaxed)
Flight of Aeneas from Troy,Flight of Aeneas,作品,原书: 第7章; 库: RKD,泛指此类史诗题材画作（如 彼得罗·达·科尔托纳 或 索利梅纳 创作）。,Subject by Cortona or Solimena in patronage.,Q112227049,Flight of Aeneas and Anchises,painting by School of Rubens 17th cent.,0.5555555555555556,Relaxed Match (Formal Name)
Fondamenta Foscarini,Fondamenta Foscarini,地点,库: Google Maps; Venice archives,威尼斯福斯卡里尼河岸。哈斯克尔以此分析该家族在威尼斯的物理权势与赞助空间。,Location linked to the Foscarini family's patronage.,,,,,Failed (Relaxed)
Fortune under the control of Virtue,Fortune controlled by Virtue,作品,依据: 语境分析; 库: RKD,哈斯克尔以此指代典型巴洛克寓言画（如 马拉塔 创作），象征赞助人的德行。,Baroque allegory symbolizing patron's wisdom.,,,,,Failed (Relaxed)
"Fortune under the control of Virtue, Justice and Peace",Allegory of Peace and Virtue,作品,原书: 第13章,可能指代 卢卡·焦尔达诺 或 科尔托纳 的大型装饰画周期。,Large-scale decoration by Giordano or Cortona.,,,,,Failed (Relaxed)
Francesco Catalano,Francesco Catalano,人名,库: DBI; Google,活跃于那不勒斯或西西里的赞助代理人。哈斯克尔引用其档案以考证跨境订单。 / Neapolitan,Sicilian art agent or patron.,,,,,Failed (Relaxed)
Francesco Girolamo Nappi,Francesco Nappi,人名,库: Wikidata; DBI,17世纪活跃于罗马的画家，参与了耶酥会多项装饰赞助工程。,Painter linked to Jesuit patronage mentioned by Haskell.,Q20735494,Francesco Nappi,"Italian painter, ca.1565-1630",0.8,Smart Match (Formal Name)
Francesco Griseri,Francesco Griseri,人名,库: DBI; Google,17世纪赞助中介，哈斯克尔在考证都灵宫廷艺术订制时引用的核心文献源。,17th-c. agent cited regarding Savoyard commissions.,,,,,Failed (Relaxed)
Francesco Mengardi,Francesco Mengardi,人名,库: DBI; RKD,18世纪威尼斯画家，哈斯克尔分析他在威尼斯非正式赞助圈中的活动。,18th-c. Venetian painter active in informal circles.,,,,,Failed (Relaxed)
Francesco Panciatichi,Cardinal Francesco Panciatichi,人名,库: Wikidata; DBI,罗马赞助人。哈斯克尔分析帕奇亚蒂基家族如何通过支持马拉塔提升社会地位。,Roman patron who supported Maratta.,,,,,Failed (Relaxed)
Francesco Rosichino,Francesco Rosichino,人名,依据: 拼写更正; 库: DBI,17世纪艺术代理人。哈斯克尔通过其信件揭示当时赞助人如何远程干预创作。,17th-c. agent; cited for his role in commissions.,,,,,Failed (Relaxed)
Francesco Scaramuccia,Luigi Scaramuccia,人名,"依据: 身份纠正; 库: Wikidata, DBI",[纠错] 著有《艺术的精微》（1674年），哈斯克尔引用其理论阐述当时的赞助审美。,Author of Le finezze de' pennelli italiani.,Q3266512,Luigi Pellegrini Scaramuccia,Italian painter (1616-1680),0.3777777777777777,Relaxed Match (Formal Name)
French hostility to Italian art,Anti-Italianism in French Art,概念,原书: 第7章,探讨17世纪法意艺术竞争中，法国由于政治崛起而产生的审美对抗倾向。,Resistance to Italian Baroque models in France.,,,,,Failed (Relaxed)
French patronage,French Art Patronage in Italy,概念/群体,原书: 第15章,探讨马扎然、路易十四等法国赞助人在意大利的代理人网络与大规模收购。,Activities of French patrons in the Italian art market.,,,,,Failed (Relaxed)
Fresco on staircase of Hampton Court Palace,Hampton Court Staircase,作品,原书: 第16章; 库: RKD,安东尼奥·维里奥 (Verrio) 创作。哈斯克尔以此分析意大利大师在英国的赞助成功。,"By Antonio Verrio, showcasing Italian success in England.",,,,,Failed (Relaxed)
Frescoes in Lanfranco Chapel,Lanfranco Chapel Frescoes,作品,原书: 第5章; 库: RKD,乔瓦尼·兰弗兰科 在莫德纳大教堂的杰作。哈斯克尔用其探讨地方主教的赞助偏好。,Masterpieces by Lanfranco in Modena Cathedral.,,,,,Failed (Relaxed)
Frescoes in Sant'Andrea della Valle,Sant'Andrea della Valle Frescoes,作品,原书: 第5章; 库: RKD,哈斯克尔全书研究赞助竞争最经典的案例：多梅尼基诺与兰弗兰科在此地的对决。,Iconic competition site for Domenichino and Lanfranco.,,,,,Failed (Relaxed)
Frescoes in the Corsini Chapel,Corsini Chapel Frescoes,作品,原书: 第14章; 库: RKD,位于拉特兰圣若望大殿。哈斯克尔分析科尔西尼家族（克雷芒十二世）的宏大赞助计划。,Major patronage project by the Corsini family.,,,,,Failed (Relaxed)
Frescoes in Palazzo Doria (Valmontone),Valmontone Palace Frescoes,作品,原书: 第7章; 库: RKD,涉及 马蒂亚·普雷蒂 与 科尔托纳。哈斯克尔分析省级宫殿装饰中的赞助博弈。,"Decorative cycles in Valmontone, involving Mattia Preti.",,,,,Failed (Relaxed)
Gabriele Balestrieri,Gabriele Balestrieri,人名,库: DBI; Google,18世纪威尼斯赞助人。哈斯克尔在讨论威尼斯共和国末期的文化投入时提及。,18th-c. Venetian patron.,,,,,Failed (Relaxed)
Gabriele Emo / Giovanni Emo (拆 A),Gabriele Emo,人名,依据: 拆分原则; 库: DBI,[拆分] 威尼斯贵族，委托 瓜尔迪 创作大作。反映了威尼斯世俗赞助的变迁。,Venetian noble and patron of Francesco Guardi.,Q16116177,Gabriele Emo,,0.7,Smart Match (Formal Name)
Gabriele Emo / Giovanni Emo (拆 B),Giovanni Emo,人名,依据: 拆分原则; 库: DBI,[拆分] 18世纪威尼斯红衣主教与著名的宗教艺术赞助人。,Venetian Cardinal and patron of religious art.,Q110411806,Giovanni Emo,8 May 1676 Venezia -,0.7,Smart Match (Formal Name)
Gaetano Majorano (Caffarelli),Caffarelli,人名,"依据: 拼写更正; 库: Wikidata, DBI",著名阉伶歌手，哈斯克尔提及他在那不勒斯通过音乐收益进行的建筑与艺术赞助。,Famous singer and major patron of architecture and art.,Q527738,Caffarelli,Italian opera singer,0.8,Smart Match (Formal Name)
Galleria Giustiniani,Galleria Giustiniani,著作,"依据: IA; 库: British Museum, Wikidata",温琴佐·朱斯蒂尼亚尼 出版的两卷本画册，哈斯克尔研究赞助史的基石。,Famous printed catalog of the Giustiniani collection.,,,,,Failed (Relaxed)
Galleria L'Antonina,Galleria L'Antonina,机构,库: Google Books; Getty,19世纪末罗马著名的艺术品拍卖行。哈斯克尔以此追溯巴洛克杰作的最终流散。,Famous Roman auction house and gallery.,,,,,Failed (Relaxed)
Gallery of the Aeneid,Galleria dell'Eneide,地点,依据: 原书 p.231; 库: Google,位于马切拉塔 Buonaccorsi 宫。哈斯克尔全书研究省级史诗题材赞助最重要的现场。,The core site for Haskell's study on provincial epic cycles.,Q109731879,Gallery of Aeneid,hall of the Buonaccorsi Palace in Macerata,0.6473684210526316,Relaxed Match (Formal Name)
"Gaspar de Haro, 7th Marquess of Carpio",Gaspar de Haro y Guzmán,人名,原书: 第8章; 库: Wikidata; DBI,西班牙驻罗马大使及那不勒斯总督，哈斯克尔笔下最活跃的中介人与赞助人之一。,Spanish Ambassador and Viceroy; a pivotal patron figure.,Q380763,"Gaspar Méndez de Haro, 7th Marquis of Carpio",Spanish noble (1629-1687),0.5390243902439025,Smart Match (Formal Name)
Gaspare Partridge,Gaspare Partridge,人名,库: Google; DBI,18世纪在罗马或那不勒斯活跃的代理人/中介。哈斯克尔引用其记录考证跨国订单。,18th-c. agent or collector active in Italy.,,,,,Failed (Relaxed)
Gaspare Patriarch,Gaspare Patriarch,人名,依据: 文献语境,可能指代某位具有“宗主教”衔头的特定赞助人，需结合特定主教辖区语境核实。,Likely refers to a specific patriarchal patron.,,,,,Failed (Relaxed)
Gasparo Altieri,Gasparo Altieri,人名,库: DBI; Wikidata,教皇克雷芒十世的重臣，马拉塔的保护人。哈斯克尔研究17世纪晚期罗马权力的核心人物。,Late 17th-c. Roman prince and major patron of Maratta.,,,,,Failed (Relaxed)
"George ""Dadie"" Rylands",George Rylands,人名,"库: Wikipedia, JSTOR",20世纪学者，哈斯克尔在探讨现代艺术史研究脉络及致谢中提及。,20th-c. scholar linked to Haskell's academic circle.,Q5208082,Dadie Rylands,British theatre director (1902-1999),0.3714285714285714,Relaxed Match (Formal Name)
Gerard van der Bos,Gerard van der Bos,人名,库: RKD; Google,17世纪活跃于意大利市场的荷兰经纪人或画家。,17th-c. Dutch agent active in Italy.,,,,,Failed (Relaxed)
German patronage,German Art Patronage in Italy,概念,原书: 第15章,探讨德意志王侯（如维特尔斯巴赫）在意大利的艺术品收购与外交。,German princely activities in the Italian art market.,,,,,Failed (Relaxed)
Gesuati / Rosario (拆 A),Gesuati (Order),机构,依据: 拆分原则; 库: Wikidata,[拆分] 圣若望会。哈斯克尔以此分析特定修会对威尼斯绘画风格的独特赞助品味。,Religious order with distinct patronage in Venice.,Q769314,Jesuati,Italian religious order (1360–1668),0.4727272727272727,Relaxed Match (Name without Parens)
Gesuati / Rosario (拆 B),Santa Maria del Rosario,地点,依据: 拆分原则; 库: Wikidata,[拆分] 威尼斯著名的耶稣会教堂，藏有提埃坡罗的名作。,"The Gesuati church in Venice, housing Tiepolo's works.",Q17625057,Santa Maria del Rosario,"church building in Gattinara, Italy",0.8,Smart Match (Formal Name)
Gherardo Sagredo,Gherardo Sagredo,人名,库: DBI; Treccani,威尼斯萨格雷多家族重要成员。哈斯克尔分析家族性收藏在威尼斯末期的继承与演变。,Member of the Sagredo family and significant patron.,,,,,Failed (Relaxed)
Giacomo della Lena,Giacomo della Lena,人名,库: DBI; Google,18世纪赞助代理人或画家。哈斯克尔考证意大利作品流入欧洲北方市场的关键人物。,18th-c. agent or painter linked to art circulation.,,,,,Failed (Relaxed)
Giambattista Biffi,Giambattista Biffi,人名,"库: Wikidata, DBI",18世纪克雷莫纳文人与鉴赏家。哈斯克尔研究启蒙时代省级品味的基石人物。,18th-c. Lombard scholar and connoisseur.,,,,,Failed (Relaxed)
Giovanelli Collection,Giovanelli Collection,机构,依据: 原书 p.336; 库: Getty,威尼斯著名的私人收藏（包含乔尔乔内作品）。哈斯克尔追溯作品归属时的核心案例。,Famous Venetian collection; critical for provenance studies.,,,,,Failed (Relaxed)
Giovanni Andrea Armanni,Giovanni Andrea Armanni,人名,库: DBI; Google,17世纪赞助记录者。哈斯克尔以此还原巴洛克早期订单的微观社交史。,17th-c. figure cited for documenting early commissions.,,,,,Failed (Relaxed)
Giovanni Angelo da Camerino,Giovanni Angelo da Camerino,人名,库: DBI; Google,哈斯克尔讨论教皇领地内省级赞助与罗马中心风格互动时提及的人物。,Figure discussed regarding provincial-Roman art interaction.,,,,,Failed (Relaxed)
Giovanni Antonio Armanni,Giovanni Antonio Armanni,人名,库: DBI; Google,同样活跃于17世纪的赞助相关人物，哈斯克尔微观史研究的对象。,17th-c. figure in patronage history studies.,,,,,Failed (Relaxed)
Giovanni Battista Fontanella,Giovanni Battista Fontanella,人名,库: DBI; Google,博洛尼亚赞助社交网中的关键成员。哈斯克尔引用其文献考证跨区域订单。 / Figure in Bolognese patronage,collecting networks.,,,,,Failed (Relaxed)
Giovanni Domenico Brustoloni,Giovanni Domenico Brustoloni,人名,"依据: IA; 库: British Museum, Wikidata",威尼斯版画家，负责记录了大量18世纪官方庆典与宏大赞助工程。,Venetian engraver of ceremonial and patronage events.,,,,,Failed (Relaxed)
Giovanni Francesco Sacchetti,Giovanni Francesco Sacchetti,人名,库: DBI; Treccani,17世纪萨凯蒂家族重要成员。哈斯克尔分析该家族如何通过赞助科尔托纳获取权势。,Sacchetti family patron who supported Cortona.,,,,,Failed (Relaxed)
Giovanni Gasparo Baldoini,Giovanni Gasparo Baldoini,人名,原书: 第6章; 库: DBI,17世纪罗马教士与收藏家。哈斯克尔引用其文献以揭示罗马巴洛克赞助人与艺术经纪人之间的复杂网络。,17th-c. Roman cleric and collector; cited for patronage networks.,,,,,Failed (Relaxed)
Giovanni Stefano Roccatagliata,Giovanni Stefano Roccatagliata,人名,原书: 赞助模式分析; 库: DBI,活跃于热那亚与罗马的17世纪赞助人。哈斯克尔以此探讨跨地区艺术订单的分配与品味输出。,17th-c. patron active in Genoa and Rome.,,,,,Failed (Relaxed)
Giovanni de' Cattanei,Giovanni de' Cattanei,人名,原书: 第14章; 库: DBI,18世纪威尼斯赞助人。哈斯克尔引用其记录，分析威尼斯贵族如何在共和国晚期通过艺术赞助维持家族声望。,18th-c. Venetian patron; analyzed for family prestige.,,,,,Failed (Relaxed)
Girolamo Garganego,Girolamo Garganego,人名,原书: 第4章; 库: DBI,17世纪博洛尼亚赞助人。哈斯克尔探讨他与 古尔齐诺 等画家的长期合作关系及其对地区画派的支持。,17th-c. Bolognese patron of Guercino.,,,,,Failed (Relaxed)
Girolamo Teodoli,Girolamo Teodoli,人名,"库: DBI, Wikidata",18世纪罗马建筑师与贵族赞助人，设计了著名的泰奥多利剧院。哈斯克尔以此分析贵族建筑赞助与权力的关系。,18th-c. Roman architect and noble patron.,,,,,Failed (Relaxed)
Giulia Maidalchini,Giulia Maidalchini,人名,原书: 第7章; 库: DBI,17世纪罗马显赫女性，奥林匹亚·马伊达尔基尼的亲属。哈斯克尔探讨其在帕姆菲利家族赞助活动中的非正式角色。,17th-c. Roman noblewoman in the Pamphilj circle.,,,,,Failed (Relaxed)
Giuliano Colonna (Prince of Stigliano),"Giuliano Colonna, Prince of Stigliano",人名,"原书: 第8章; 库: DBI, Wikidata",那不勒斯重要赞助人。哈斯克尔分析他与 索利梅纳 的深厚交情及其对那不勒斯画派在全欧推广的影响。,Important Neapolitan patron of Solimena.,,,,,Failed (Relaxed)
Giuliano Vacchelli,Giuliano Vacchelli,人名,依据: 档案记录,哈斯克尔提及的17世纪基层赞助人或教士，涉及对伦巴第地区小型教堂装饰的委托。,17th-c. local patron involved in Lombard church decorations.,,,,,Failed (Relaxed)
Giulio della Greca,Giulio della Greca,人名,库: DBI,17世纪罗马建筑师或工匠。哈斯克尔引用其文献以说明巴贝里尼家族赞助项目的具体执行过程。,17th-c. Roman architect linked to Barberini projects.,,,,,Failed (Relaxed)
Giuseppe Angelo Maria Carron ...,Giuseppe Angelo Maria Carron,人名,"原书: 宫廷赞助; 库: DBI, Wikidata",萨伏依王室外交官及重要赞助人（埃格布兰什侯爵）。哈斯克尔分析他在跨国艺术流通中的中介作用。,Diplomat and patron of the Savoyard court.,Q55224989,Giuseppe Angelo Maria Carron di San Tommaso marchese di Aigueblanche,,0.4916666666666667,Relaxed Match (Formal Name)
Giuseppe Antonio Lotti,Giuseppe Antonio Lotti,人名,库: DBI,活跃于18世纪的艺术代理商或藏家，哈斯克尔通过其活动轨迹分析当时作品的价格波动与市场趣味。,18th-c. art agent or collector.,,,,,Failed (Relaxed)
Giuseppe Chiari / Tommaso Chiari (拆 A),Giuseppe Bartolomeo Chiari,人名,"依据: 拆分准则; 库: Getty, Wikidata",[拆分] 卡尔洛·马拉塔 最得意的门生之一，哈斯克尔详细描述了他如何在18世纪初继承并传播其导师的赞助网络。,Major pupil of Carlo Maratta.,Q3107986,Giuseppe Bartolomeo Chiari,Italian painter (1654-1727),0.7,Smart Match (Formal Name)
Giuseppe Chiari / Tommaso Chiari (拆 B),Tommaso Chiari,人名,"依据: 拆分原则; 库: RKD, DBI",[拆分] 朱塞佩之弟，作为助手参与了大量马拉塔学派的宏大赞助工程。,Brother and assistant to Giuseppe Chiari.,Q52149250,Tommaso Chiari,"Italian artist, 1665-1733",0.7,Smart Match (Formal Name)
Giuseppe Fochessati,Giuseppe Fochessati,人名,库: WorldCat,活跃于伦巴第的收藏家或学者，哈斯克尔通过其文献追溯某些名作在19世纪前的流转情况。 / Lombard scholar,collector cited for provenance history.,,,,,Failed (Relaxed)
Giuseppe Lorenzo Moncallero,Giuseppe Lorenzo Moncallero,人名,库: DBI,活跃于都灵的17世纪赞助人或代理人。哈斯克尔分析萨伏依宫廷如何吸引各流派艺术家。,17th-c. patron or agent in the Savoyard court.,,,,,Failed (Relaxed)
Giuseppe Toninotto,Giuseppe Toninotto,人名,原书: 第14章; 库: DBI,18世纪威尼斯鉴赏家与收藏家，与扎内蒂（Zanetti）等人的学术圈层有交集。,18th-c. Venetian connoisseur linked to Zanetti.,,,,,Failed (Relaxed)
Giuseppe de Rosis,Giuseppe de Rosis,人名,原书: 第6章; 库: DBI,哈斯克尔提及的耶稣会赞助人或中介人，涉及对罗马耶稣教堂内部装饰的资金支持与监管。,Jesuit patron involved in the decoration of the Gesù.,,,,,Failed (Relaxed)
Gloria Chiarini de Anna,Gloria Chiarini de Anna,人名,库: JSTOR,20世纪艺术史学者。哈斯克尔在探讨威尼斯艺术赞助研究的学术传承时提及此人。,20th-c. art historian specializing in Venetian patronage.,,,,,Failed (Relaxed)
Glorification of the Pisani Family,The Apotheosis of the Pisani Family,作品,"依据: 原书 第14章; 库: RKD, Wikidata",詹巴蒂斯塔·提埃坡罗 为斯特拉皮萨尼别墅（Villa Pisani）创作的巨幅天顶画。象征18世纪伟大家族的权力。,Ceiling fresco by Tiepolo for the Pisani family.,,,,,Failed (Relaxed)
Glory of Venice,The Glory of Venice (Concept/Subject),概念/题材,依据: 艺术史术语; 库: Getty AAT,常见于威尼斯总督府的宏大叙事题材，哈斯克尔用其分析威尼斯共和国的自我神化赞助。,Ideological subject in Venetian state art.,,,,,Failed (Relaxed)
God creating the Angels / Parnassus (拆 A),God Creating the Angels,作品,依据: 拆分原则; 库: RKD,哈斯克尔以此指代特定教堂天顶画（如 巴奇乔 创作）。,"Specific ceiling subject (e.g., by Baciccio).",,,,,Failed (Relaxed)
God creating the Angels / Parnassus (拆 B),Parnassus,作品,依据: 拆分原则; 库: RKD,泛指此类古典题材作品（如 安东·拉斐尔·门斯 为阿尔巴尼别墅创作）。,"Classical subject (e.g., by Mengs for Villa Albani).",Q28034564,Parnassus,journal 1929-1941,0.7,Smart Match (Formal Name)
Gordon Albion,Gordon Albion,人名,"库: WorldCat, JSTOR",学者，哈斯克尔引用其对17世纪斯图亚特王朝赞助的研究，特别是与天主教会的联系。,Scholar of Stuart patronage and Catholic links.,,,,,Failed (Relaxed)
Gran Tempio Antico,Great Ancient Temple (Capriccio),作品,"依据: 艺术史术语; 库: RKD, Getty",可能指代 皮拉内西 或 帕尼尼 创作的幻想性古代建筑画，体现了当时的考古赞助趣味。,Archaeological capriccio by Piranesi or Panini.,,,,,Failed (Relaxed)
Grassi Collection,Grassi Collection (Venice),机构,原书: 第14章; 库: Getty Research,18世纪威尼斯著名的艺术收藏。哈斯克尔用其展示威尼斯新晋商业贵族的赞助崛起。,18th-c. Venetian private collection.,,,,,Failed (Relaxed)
Great Witley Church,"St Michael and All Angels, Great Witley",地点,"依据: 来源核对; 库: British Museum, Wikidata",该教堂藏有原本属于 卡农斯阿什比 的 塞巴斯蒂亚诺·里奇 画作，哈斯克尔以此追溯赞助品的流散。,Contains works by Sebastiano Ricci from a previous location.,,,,,Failed (Relaxed)
Guidalocti Franchini,Guido Antonio Franchini,人名,依据: 拼写更正; 库: DBI,[纠错] 17世纪博洛尼亚赞助人。哈斯克尔引用其记录，描述当地贵族如何直接干预艺术家的创作风格。,17th-c. Bolognese patron; cited for direct intervention.,,,,,Failed (Relaxed)
Habsburg Collections (Prague),Imperial Collections in Prague,机构,原书: 结论; 库: Google Scholar,哈斯克尔以此分析哈布斯堡家族如何将意大利艺术作为权力的象征在波西米亚推广。,Habsburg art collections as tools of political power.,,,,,Failed (Relaxed)
Habsburg Patronage,Habsburg Art Patronage,概念,依据: 全书背景,指代哈布斯堡王室在意大利（如那不勒斯、米兰）进行的宏大赞助活动与外交收购。,Imperial patronage in Italian territories.,,,,,Failed (Relaxed)
Hans Albrecht von Derschau?,Hans Albrecht von Derschau,人名,依据: 收藏史背景; 库: Wikidata,哈斯克尔在探讨版画收藏史时提及的18世纪重要收藏家。,18th-c. collector of prints and drawings.,Q55843668,Hans Albrecht von Derschau,,0.7,Smart Match (Formal Name)
Hebrew Women singing ... Red Sea,The Song of Miriam (The Hebrew Women...),作品,原书: p.231; 库: RKD,索利梅纳（Solimena）为马切拉塔画廊创作的史诗题材。哈斯克尔分析赞助人对圣经英雄主义的偏爱。,Epic painting by Solimena for Palazzo Buonaccorsi.,,,,,Failed (Relaxed)
Heroes approaching the Temple of Immortality,Heroes at the Temple of Immortality,作品,原书: 第6章; 库: RKD,大型寓言画（如 马拉塔 创作）。哈斯克尔以此展示赞助人对自我神圣化的审美诉求。,"Allegorical painting (e.g., by Maratta).",,,,,Failed (Relaxed)
Hilda Finberg,Hilda Finberg,人名,库: JSTOR,20世纪艺术史家。哈斯克尔在致谢或参考文献中引用其对18世纪英国艺术品流转的研究。,20th-c. art historian cited for English art movement studies.,,,,,Failed (Relaxed)
Historic e di Maniera Veneziana,Historie e di Maniera Veneziana,概念,依据: 艺术史术语,威尼斯叙事画与风格。哈斯克尔分析威尼斯画派如何通过特定的赞助传统保持其独特性。,Concept regarding Venetian narrative and style.,,,,,Failed (Relaxed)
Hugues-Humbert Servien,Hugues-Humbert Servien,人名,"库: DBI, Gallica",17世纪法国外交官与收藏中介。哈斯克尔通过其档案考证马扎然枢机主教在意大利的大规模采购。 / French diplomat,agent active in the Italian market for Mazarin.,,,,,Failed (Relaxed)
"Illustration for ""Newtonianismo per le dame""",Newtonianismo per le dame (Frontispiece),作品,"依据: IA; 库: British Museum, RKD",詹巴蒂斯塔·皮亚泽塔 (Piazzetta) 为阿尔加罗蒂的著作设计的插图。体现了18世纪科学与艺术赞助的结合。,Plates by Piazzetta for Algarotti's book.,,,,,Failed (Relaxed)
Illustrations for De Bello Belgico,De Bello Belgico (Illustrations),作品,依据: IA; 库: British Museum,斯特拉达著作的配图，涉及多位17世纪名家。哈斯克尔以此分析政治宣传赞助。,Plates for Famiano Strada's book; used for political propaganda.,Q113626461,De Bello Belgico,specialist literature by Famiano Strada,0.4333333333333333,Relaxed Match (Name without Parens)
Illustrations for Latin Poems,Illustrations for Latin Poems,作品,依据: IA; 库: British Museum,可能指代 彼得罗·达·科尔托纳 为教皇乌尔班八世的诗集所作的版画。,Prints by Cortona for Urban VIII's Latin poems.,,,,,Failed (Relaxed)
Images of Palladian Architecture,Palladian Revival Views,作品,原书: 第14章; 库: Getty Research,18世纪威尼斯赞助人（如法尔塞蒂）委托创作的帕拉迪奥风格版画。,18th-c. prints of Palladian buildings for patrons.,,,,,Failed (Relaxed)
Imago Primi Saeculi Societatis Jesu,Imago Primi Saeculi Societatis Iesu,著作,"依据: IA; 库: Internet Archive, Wikidata",1640年出版的纪念耶稣会成立一百周年的书籍。哈斯克尔以此分析该教团的视觉赞助战略。,A 1640 book documenting Jesuit visual patronage strategy.,,,,,Failed (Relaxed)
Indecency in art,Decorum and Indecency in Art,概念,依据: 全书核心概念,“得体”与“淫秽”的概念。哈斯克尔探讨反宗教改革时期教会对赞助作品的审查。,Censorship and decorum in Counter-Reformation art.,,,,,Failed (Relaxed)
Influence of late 17th-century wars ...,Influence of Wars on Art Patronage,概念,原书: 结论,哈斯克尔探讨战争（如西班牙王位继承战争）如何导致艺术品流通加速与赞助格局改变。,Impact of 17th-c. wars on the art market and patronage.,,,,,Failed (Relaxed)
Interior of Sant'Andrea al Quirinale,Interior of Sant'Andrea al Quirinale,地点,依据: 原书 第6章; 库: Wikidata,贝尔尼尼 设计的耶稣会教堂内部。哈斯克尔用其分析教皇亚历山大七世的审美意志。,Bernini's masterpiece; analyzed for Alexander VII's taste.,,,,,Failed (Relaxed)
Jacopo Pedozzi,Jacopo Pedozzi,人名,依据: 档案记录,哈斯克尔提及的17世纪基层赞助人或教士，涉及对巴洛克小型装饰的委托。,17th-c. local patron for Baroque decorations.,,,,,Failed (Relaxed)
Jacques Duyvelant,Jacques Duyvelant,人名,"库: RKD, DBI",17世纪活跃于意大利市场的尼德兰经纪人。哈斯克尔以此探讨国际艺术贸易的中介网络。,17th-c. Netherlandish art agent in Italy.,,,,,Failed (Relaxed)
Jacques Tubeuf,Jacques Tubeuf,人名,"库: Wikidata, Gallica",马扎然枢机主教的财务顾问与赞助代理人。哈斯克尔分析法意艺术贸易的资金运作。,Financial advisor and agent for Cardinal Mazarin.,,,,,Failed (Relaxed)
Jesuit Archives,Archivium Romanum Societatis Iesu (ARSI),机构,依据: 原书 参考文献; 库: Wikidata,耶稣会档案馆。哈斯克尔全书研究罗马及国际耶稣会赞助最重要的原始文献库。,Foundational archive for studying Jesuit patronage.,,,,,Failed (Relaxed)
Johann Adalbert Veith,Johann Adalbert Veith,人名,库: WorldCat,18世纪中欧赞助人或经纪人，哈斯克尔探讨巴洛克风格向北方扩散时的中介。,18th-c. Central European patron or broker.,,,,,Failed (Relaxed)
"Johann Georg III, Elector of Saxony",Johann Georg III,人名,"库: Wikidata, Google Scholar",萨克森选帝侯。哈斯克尔分析他通过委托意大利画家确立德意志宫廷地位。,Elector of Saxony and patron of Italian art.,Q454483,John George III of Saxony,Elector of Saxony from 1680 to 1691,0.6000000000000001,Smart Match (Formal Name)
"Johann Wilhelm, Elector Palatinate",Johann Wilhelm,人名,"库: Wikidata, Getty ULAN",普法尔茨选帝侯，18世纪最显赫的意大利艺术赞助人之一。,Major 18th-c. patron of Italian masters.,Q108653305,Johann Wilhelm,"German artist, active 1606",0.7,Smart Match (Formal Name)
John Breval,John Durant Breval,人名,"库: IA, Wikipedia",18世纪英国旅行家与鉴赏家。哈斯克尔引用其《游记》作为追踪作品流动的核心史料。,18th-c. British traveler and connoisseur.,Q6230521,John Durant Breval,English writer,0.7,Smart Match (Formal Name)
Joint caricature of Simonelli and Mola,Caricature of Simonelli and Mola,作品,原书: p.124; 库: British Museum,可能由 皮埃尔·莱昂内·盖齐 (Ghezzi) 创作。哈斯克尔以此讨论艺术家与赞助人的非正式社交。,Caricature by Pier Leone Ghezzi of the artists.,,,,,Failed (Relaxed)
Juan de Tassis y Peralta ...,"Juan de Tassis, 2nd Count of Villamediana",人名,"库: Wikidata, DBI",西班牙著名赞助人与外交官。哈斯克尔探讨他与哈布斯堡王朝在意赞助的关系。,Spanish patron and diplomat in the Habsburg circle.,Q4111408,"Juan de Tassis, 2nd Count of Villamediana",Spanish Baroque poet,0.8,Smart Match (Formal Name)
"Juno, Goddess of Air",Juno as Allegory of Air,作品/题材,依据: 艺术史术语; 库: RKD,常见于大型天顶画（如 科尔托纳 创作）。哈斯克尔以此分析四元素寓言中的赞助偏好。,Common Baroque ceiling allegory.,,,,,Failed (Relaxed)
Jupiter among the Corybantes,Jupiter and the Corybantes,作品,原书: 第11章; 库: RKD,泛指此类古典史诗题材（如 里奇 创作）。哈斯克尔用其探讨18世纪威尼斯的史诗叙事赞助。,Classical subject; used to discuss 18th-c. epic patronage.,,,,,Failed (Relaxed)
Jupiter giving Suck,The Nursing of Jupiter,作品,依据: 原书指认; 库: RKD,同样为哈斯克尔提及的史诗画作（如 普桑 创作的版本）。,Subject by Poussin or similar in patronage context.,Q64536924,The Nursing of Jupiter,drawing in the National Gallery of Art (NGA 53150),0.7,Smart Match (Formal Name)
Jupiter handed over ... to the Corybantes,Jupiter at the Corybantes,作品,原书: p.231; 库: RKD,同上，哈斯克尔以此分析马切拉塔画廊中涉及的希腊神话叙事系统。,Mythological cycle in Palazzo Buonaccorsi.,,,,,Failed (Relaxed)
Jupiter sending down his Thunderbolts,Jupiter hurling his Thunderbolts,作品,依据: 原书 第6章; 库: RKD,象征权力的寓言画（如 马拉塔 创作）。哈斯克尔以此探讨教皇乌尔班八世的艺术神化。,Allegory of power; used to discuss Urban VIII.,,,,,Failed (Relaxed)
Justinus ... / Justin Martyr (拆 A),Justinus (Historian),人名,依据: 拆分原则; 库: Wikidata,[拆分] 古罗马史学家马库斯·尤尼亚努斯·尤斯廷努斯。哈斯克尔指出其著作为17世纪英雄画提供了核心母题。,Roman historian; source for heroic art motifs.,Q112731172,Justinus,ancient Roman cognomen,0.3857142857142857,Relaxed Match (Name without Parens)
Justinus ... / Justin Martyr (拆 B),Justin Martyr,人名,依据: 拆分准则; 库: Wikidata,[拆分] 早期基督教殉道者。哈斯克尔在讨论反宗教改革圣徒赞助时涉及此人图像。,Christian martyr discussed in iconographic patronage.,Q185117,Justin Martyr,2nd century CE Christian apologist and martyr,0.8999999999999999,Smart Match (Formal Name)
King Solomon Bathing,King Solomon Bathing (Bathsheba?),作品,依据: 原书 宗教赞助; 库: RKD,可能指代哈斯克尔提及的关于大卫或所罗门的特定圣经画作。,Specific biblical painting mentioned in patronage.,,,,,Failed (Relaxed)
King's College Library,King's College Library (Cambridge),地点,"依据: IA; 库: British Museum, Wikidata",剑桥国王学院图书馆。哈斯克尔以此追溯重要手稿与艺术文献流入英国的过程。,Cited for the movement of manuscripts and art to Britain.,,,,,Failed (Relaxed)
L'Inondazione del Tevere,The Flood of the Tiber,作品,"原书: 第8章; 库: RKD, Google",萨尔瓦托·罗莎 (Salvator Rosa) 或类似画家的特定作品，记录了1660年罗马的大水灾及其社会背景。,Work recording the 1660 flood by Salvator Rosa.,,,,,Failed (Relaxed)
L'Osservatore Veneto,L'Osservatore Veneto,著作,"依据: IA; 库: DBI, Internet Archive",加斯帕罗·戈齐 (Gozzi) 在18世纪威尼斯创办的报刊。哈斯克尔引用其评论以分析当时的品味变迁。,18th-c. Venetian journal; source for taste analysis.,,,,,Failed (Relaxed)
La Beata Vergine in Egitto ...,Rest on the Flight into Egypt,作品,原书: 第7章; 库: British Museum,卡尔洛·马拉塔 为帕姆菲利家族创作的版画或油画。,By Carlo Maratta for the Pamphilj family.,Q3427290,Rest on the flight into Egypt,subject in Christian art,0.7,Smart Match (Formal Name)
La Burla del Piovano Arlotto,The Prank of Piovano Arlotto,作品,"原书: p.124; 库: RKD, Wikidata",乔瓦尼·达·圣乔瓦尼 (Giovanni da San Giovanni) 创作。哈斯克尔以此展示梅第奇赞助中的诙谐风格。,By Giovanni da San Giovanni for the Medici.,,,,,Failed (Relaxed)
La Chiesa di Gesù Cristo vendicata...,La Chiesa di Gesù Cristo vendicata,著作,依据: IA; 库: Internet Archive,18世纪著名的护教书籍。哈斯克尔引用其论证当时赞助与启蒙思想的冲突。,18th-c. apologetic book cited regarding Enlightenment.,,,,,Failed (Relaxed)
La Galleria di Minerva,La Galleria di Minerva,著作,"依据: 用户指认; 库: Google, IA",吉罗罗莫·阿尔布里齐 (Albrizzi) 1696-1717年出版的百科全书式期刊，全书核心参考文献。,Encyclopedia-journal published by Albrizzi.,,,,,Failed (Relaxed)
La rissa all'Ambasciata di Spagna,The Riot at the Spanish Embassy,作品,依据: 原书 第8章; 库: Google,描绘17世纪马德里或罗马特定政治冲突的版画/画作，哈斯克尔用其说明政治赞助。 / Political print,painting documenting diplomatic riots.,,,,,Failed (Relaxed)
Labia Collection,Labia Collection (Venice),机构,原书: 第14章; 库: Getty Research,威尼斯著名的拉比亚家族收藏。哈斯克尔详述了该家族如何通过提埃坡罗的壁画展示新贵族地位。,Famous collection of the Labia family.,,,,,Failed (Relaxed)
Le Arti che vanno per via ...,Le Arti che vanno per via,著作,"依据: 用户指认; 库: British Museum, Google",加埃塔诺·宗皮尼 (Zompini) 1753年出版的60幅威尼斯行当版画集。,Famous series of 60 etchings by Gaetano Zompini.,,,,,Failed (Relaxed)
Le Fabbriche e Vedute di Venetia,Le Fabbriche e Vedute di Venetia,著作,"依据: 用户指认; 库: British Museum, Google",卢卡·卡莱瓦里斯 (Carlevarijs) 1703年出版的开创性地志画册。,Foundational work of vedutismo by Luca Carlevarijs.,,,,,Failed (Relaxed)
Leonardo Pasqueti,Leonardo Pasqueti,人名,依据: 拼写更正; 库: DBI,哈斯克尔引用或提及的17世纪赞助相关人物，涉及对威尼斯地区艺术订单的管理。,17th-c. figure in Venetian art management.,,,,,Failed (Relaxed)
Leonardo Pasquetti,Leonardo Pasquetti,人名,依据: 拼写更正; 库: DBI,重复项，同上行。哈斯克尔微观史研究的对象。,Duplicate of Leonardo Pasqueti.,,,,,Failed (Relaxed)
Leonardo Pesaro,Leonardo Pesaro,人名,"库: DBI, Treccani",威尼斯佩萨罗家族成员，哈斯克尔提及他在维罗内塞及提齐安诺旧作重估中的作用。,Member of the Pesaro family and art patron.,,,,,Failed (Relaxed)
Leonardo Valmarana,Leonardo Valmarana,人名,"库: DBI, Treccani",维琴察瓦尔马拉纳家族显赫成员，哈斯克尔探讨帕拉迪奥风格赞助传承时的对象。,Member of the Valmarana family and patron.,,,,,Failed (Relaxed)
Leto turning the Shepherds into Frogs,Latona and the Shepherds,作品,原书: p.231; 库: RKD,索利梅纳 创作。哈斯克尔以此指代马切拉塔画廊中的希腊神话题材。,By Solimena for Palazzo Buonaccorsi.,,,,,Failed (Relaxed)
Lita-Rose Betcherman,Lita-Rose Betcherman,人名,库: JSTOR,20世纪艺术史学者，专注于17世纪艺术市场与赞助研究。哈斯克尔在参考文献中多次引用其著作。,20th-c. art historian specialized in the art market.,,,,,Failed (Relaxed)
Lodovico Gabrielli,Lodovico Gabrielli,人名,"库: DBI, Google",哈斯克尔引用或提及的17世纪赞助人，活跃于罗马及其周边。,17th-c. patron active in and around Rome.,,,,,Failed (Relaxed)
Lodovico Rezzonico,Lodovico Rezzonico,人名,"库: DBI, Wikidata",教皇克雷芒十三世的亲属。哈斯克尔分析雷佐尼科家族如何在威尼斯与罗马建立权力赞助网。,Member of the Rezzonico family; key patron.,,,,,Failed (Relaxed)
Lorenzo del Rosso,Lorenzo del Rosso,人名,"库: DBI, Getty Research",17世纪佛罗伦萨或罗马的收藏家，哈斯克尔通过其收藏清单还原当时对经典作品的评价。,17th-c. collector cited for inventory evaluation.,,,,,Failed (Relaxed)
Luca Bartolotti,Luca Bartolotti,人名,库: DBI,哈斯克尔引用或提及的17世纪基层赞助代理人。,17th-c. art agent or local patron mentioned by Haskell.,,,,,Failed (Relaxed)
Luca Ombrosi,Luca Ombrosi,人名,"依据: IA; 库: DBI, Internet Archive",18世纪佛罗伦萨学者，其书信集是哈斯克尔研究晚期美第奇时代赞助口味的基石。,18th-c. Florentine scholar; source for Medici taste.,,,,,Failed (Relaxed)
Lucchese Community,Lucchese Community in Rome,群体,原书: 第11章,居住在罗马的卢卡同乡会，其对特定的罗马教堂（如San Girolamo）进行的行会赞助。,The community and guild of Lucca in Rome.,,,,,Failed (Relaxed)
Lucien Marcheix,Lucien Marcheix,人名,"库: WorldCat, Gallica",20世纪初法国史学家。哈斯克尔在讨论17世纪法意艺术关系时引用其研究。,French historian cited for 17th-c. Franco-Italian relations.,,,,,Failed (Relaxed)
Luigi Teodoli,Luigi Teodoli,人名,"库: DBI, Google",18世纪罗马贵族赞助人，泰奥多利家族成员，支持当地多项建筑与绘画工程。,18th-c. Roman noble patron from the Teodoli family.,,,,,Failed (Relaxed)
M. de Bordeaux,M. de Bordeaux,人名,依据: 赞助史背景; 库: Gallica,17世纪法国驻英大使，哈斯克尔在探讨英法艺术品流通中提及的收藏中介。,French Ambassador to England; art agent.,,,,,Failed (Relaxed)
Marchands-amateurs,Marchands-amateurs,概念,依据: 艺术史术语; 库: Getty AAT,“商人-鉴赏家”。哈斯克尔以此概念描述18世纪中产阶级中兼具商业与审美的赞助人群体。,Concept of the merchant-connoisseur in the 18th c.,,,,,Failed (Relaxed)
Marchese Raggi,Marchese Ottaviano Raggi,人名,依据: 原书 p.124; 库: DBI,17世纪热那亚/罗马赞助人。哈斯克尔引用其与贝尔尼尼等人的订单考证。,17th-c. patron linked to Bernini.,,,,,Failed (Relaxed)
Marchese Ruspoli,Marchese Francesco Maria Ruspoli,人名,"库: DBI, Wikidata",18世纪罗马最显赫的艺术赞助人之一，特别是在音乐与绘画领域。,One of the most prominent 18th-c. Roman patrons.,,,,,Failed (Relaxed)
Marchigian town,Patronage in Marchigian towns,地点/概念,原书: 第8章,泛指马尔凯大区小镇的赞助，哈斯克尔以此探讨地方艺术与罗马中心的互动。,Art patronage in towns of the Marche region.,,,,,Failed (Relaxed)
Marguerite Calberg,Marguerite Calberg,人名,库: JSTOR,20世纪学者。哈斯克尔在探讨巴洛克挂毯赞助及跨国艺术流向时引用其研究。,20th-c. scholar cited for tapestry patronage studies.,,,,,Failed (Relaxed)
Maria Elena Ghelli,Maria Elena Ghelli,人名,"库: JSTOR, Google Scholar",20世纪艺术史家。哈斯克尔在讨论17世纪罗马赞助家族世袭史时提及此人。,20th-c. art historian mentioned regarding patronage.,,,,,Failed (Relaxed)
Maria Pamphilj,Maria Pamphilj,人名,库: DBI,帕姆菲利家族重要女性，哈斯克尔探讨家族性赞助遗产的维护与传承。,Member of the Pamphilj family; key to legacy maintenance.,,,,,Failed (Relaxed)
Mario D'Orsi,Mario d'Orsi,人名,库: WorldCat,20世纪中叶意大利艺术史家，哈斯克尔引用其对巴洛克绘画订制契约的微观研究。,Italian historian cited for micro-history of commissions.,,,,,Failed (Relaxed)
Mark Samuel Weil,Mark Samuel Weil,人名,库: JSTOR,20世纪学者，哈斯克尔在研究贝尔尼尼及17世纪罗马艺术赞助史时引用的资源。,20th-c. scholar cited for Bernini patronage studies.,,,,,Failed (Relaxed)
Marriage Allegory of the Rezzonico Family,The Allegory of Merit and the Rezzonico Marriage,作品,"依据: 原书 第14章; 库: RKD, Wikidata",詹巴蒂斯塔·提埃坡罗 为雷佐尼科宫创作的天顶画。象征着威尼斯与罗马两大家族的联合。,Ceiling fresco by Tiepolo for Ca' Rezzonico.,,,,,Failed (Relaxed)
Martirii patiti dai Santi Martiri ...,The Martyrdom of the Saints (Engravings),作品,依据: IA; 库: British Museum,指代哈斯克尔提及的由 安东·玛利亚·扎内蒂 或类似名家创作的圣徒殉道图集。,Engravings of saintly martyrdoms; source for iconography.,Q21674546,The Martyrdom of the Saints Crispin and Crispinian,painting by Ghislain Vroyelinck,0.3555555555555555,Relaxed Match (Name without Parens)
Martyrdom of Saint John the Bishop,Martyrdom of Saint John the Bishop,作品,依据: 原书指认; 库: RKD,哈斯克尔以此指代特定赞助语境下的作品（如 索利梅纳 为那不勒斯创作）。 / Biblical,saintly subject by Solimena.,,,,,Failed (Relaxed)
María Antonieta Gatas,María Antonieta Gatas,人名,库: Google Scholar,哈斯克尔提及的西班牙或那不勒斯女性藏家。 / Female collector in Spanish,Neapolitan circles.,,,,,Failed (Relaxed)
Matteo da Città di Castello,Matteo da Città di Castello,人名,库: DBI,哈斯克尔引用或提及的17世纪教皇代理人或经纪人。,17th-c. papal agent or broker mentioned by Haskell.,,,,,Failed (Relaxed)
Matteo del Teglia,Matteo del Teglia,人名,依据: 原书 p.124; 库: DBI,17世纪佛罗伦萨赞助代理人，活跃于美第奇宫廷与罗马之间。,17th-c. Florentine art agent active in Rome.,,,,,Failed (Relaxed)
Mattia Rosichino,Mattia Rosichino,人名,依据: 原书 p.124; 库: DBI,17世纪艺术代理人。哈斯克尔通过其信件考证当时赞助人与艺术家之间的权力博弈。,17th-c. art agent; cited for artist-patron power dynamics.,,,,,Failed (Relaxed)
Mattia Rosichino,Mattia Rosichino,人名,原书: 第6章; 库: DBI,17世纪活跃于罗马的艺术代理人。哈斯克尔通过其信件揭示了当时赞助人如何远程干预画家的创作细节。,17th-c. art agent in Rome; cited for artist-patron dynamics.,,,,,Failed (Relaxed)
Medici Villa of Poggio a Caiano,Villa di Poggio a Caiano,地点,原书: 第8章; 库: Wikidata,美第奇家族在托斯卡纳最著名的别墅。哈斯克尔以此分析梅第奇晚期（如科西莫三世）的装饰性赞助与象征表达。,Famous Medici villa; analyzed for late-Medici decorative patronage.,,,,,Failed (Relaxed)
Mercury awaking Aeneas,Mercury waking Aeneas from Sleep,作品,原书: p.231; 库: RKD,弗朗切斯科·索利梅纳 (Solimena) 为马切拉塔 Buonaccorsi 宫“埃涅阿斯画廊”创作。哈斯克尔以此探讨省级贵族的英雄主义叙事。,By Solimena for Palazzo Buonaccorsi.,,,,,Failed (Relaxed)
Michele Lauretano,Michele Lauretano,人名,原书: 宗教赞助; 库: DBI,16世纪末、17世纪初耶稣会教育家。哈斯克尔以此讨论耶稣会早期通过教育系统进行的艺术准则输出。,Jesuit scholar; linked to Jesuit art standards.,,,,,Failed (Relaxed)
Mina Pajes Merriman,Mina Pajes Merriman,人名,"库: JSTOR, Google Scholar",20世纪艺术史学家。哈斯克尔引用其对 吉亚科莫·切鲁蒂 (Ceruti) 及其现实主义赞助的研究。,20th-c. art historian cited for Ceruti studies.,,,,,Failed (Relaxed)
Mississippi Gallery,Mississippi Scheme (John Law),事件,原书: 第15章; 库: Wikidata,约翰·劳的密西西比泡沫。哈斯克尔探讨这一金融危机如何打击了法国对意大利艺术的购买力。,Financial collapse that impacted French art collecting.,Q1192494,Mississippi Company,monopoly in French colonies in North America and the West Indies,0.4684210526315789,Relaxed Match (Name without Parens)
Modello ... Apotheosis of St Ignatius,Modello for the Apotheosis of St Ignatius,作品,原书: 第6章; 库: RKD,安德烈·波佐 (Andrea Pozzo) 为耶稣教堂天顶画创作的模型。哈斯克尔以此分析大规模装饰工程的审批流程。,Andrea Pozzo's modello for the Gesù ceiling.,,,,,Failed (Relaxed)
Modello ... Glory of St Aloysius Gonzaga,Modello for the Glory of St Aloysius,作品,原书: 第6章; 库: RKD,可能指代 巴奇乔 (Baciccio) 或 波佐 创作的特定方案。哈斯克尔讨论耶稣会圣徒图像志的建立。,Jesuit iconographic modello by Baciccio or Pozzo.,,,,,Failed (Relaxed)
Mola painting ... Pope Alexander VII,Mola painting Alexander VII,作品,原书: p.124; 库: RKD,皮埃尔·弗朗切斯科·莫拉 (Mola) 为教皇亚历山大七世画肖像的情景。哈斯克尔以此探讨艺术家在教皇宫廷的生存状态。,P.F. Mola painting the Pope; used for court life analysis.,,,,,Failed (Relaxed)
Monsieur de Saint-Sauveur,M. de Saint-Sauveur,人名,依据: 赞助记录; 库: Gallica,18世纪法国外交官或中介，活跃于威尼斯。哈斯克尔探讨法意艺术市场交流中的关键节点。,18th-c. French agent or diplomat in Venice.,,,,,Failed (Relaxed)
Monsignor Olivieri,Monsignor Fabio Olivieri,人名,"库: DBI, Wikidata",17世纪罗马教廷官员及赞助人。哈斯克尔通过其档案考证了克雷芒十一世时期的核心订单。,Roman prelate and patron under Clement XI.,,,,,Failed (Relaxed)
Monument to Doge Giovanni Pesaro,Monument to Giovanni Pesaro,作品,原书: 第11章; 库: RKD,位于威尼斯弗拉里教堂。哈斯克尔以此分析威尼斯巴洛克风格中家族纪念性的过度表达。,Monument by Longhena and Melchior Barthel at the Frari.,,,,,Failed (Relaxed)
Monument to Pope Gregory XV,Monument to Gregory XV,作品,原书: 第6章; 库: RKD,勒格罗斯 (Legros) 在圣伊格纳齐奥教堂创作。哈斯克尔用其展现卢多维西家族对先辈权力的视觉巩固。,"Monument by Legros in Sant'Ignazio, Rome.",,,,,Failed (Relaxed)
Monument ... 1st Duke of Marlborough,Monument to the Duke of Marlborough,作品,原书: 第16章; 库: British Museum,威廉·肯特 或类似名家设计。哈斯克尔以此追踪18世纪英国贵族对意大利范式的借鉴。,British noble monument inspired by Italian models.,,,,,Failed (Relaxed)
Moses Trampling on Pharaoh's Crown,Moses Trampling on Pharaoh's Crown,作品,原书: 第14章; 库: RKD,詹巴蒂斯塔·皮托尼 (Pittoni) 为费尔德马沙尔·舒伦堡创作。哈斯克尔分析18世纪历史题材的市场。,Painting by Pittoni for Schulenburg.,,,,,Failed (Relaxed)
Mostra dei Remondini,Remondini Print Exhibition,活动,原书: 市场分析; 库: IA,哈斯克尔提及的雷蒙迪尼家族在巴萨诺进行的版画展示，反映了基层艺术市场的动员力。,Print exhibition by the Remondini publishers.,,,,,Failed (Relaxed)
Mostra del Tiepolo,Tiepolo Exhibition,活动,依据: 语境分析,哈斯克尔可能以此指代现代或当时对提埃坡罗作品的集中展示，用于讨论品味重估。,Exhibition used to discuss the revaluation of Tiepolo.,,,,,Failed (Relaxed)
Mourners at Tomb of Algarotti,Mourners at Algarotti's Tomb,作品,原书: 第14章,涉及弗朗切斯科·阿尔加罗蒂在比萨的墓地纪念。哈斯克尔分析启蒙运动鉴赏家的最终归宿。,Commemorative theme regarding Algarotti's tomb.,,,,,Failed (Relaxed)
Mucius Scaevola at the Altar,Mucius Scaevola before Porsenna,作品,原书: 第14章; 库: RKD,詹巴蒂斯塔·提埃坡罗 (Tiepolo) 的早期名作。哈斯克尔用其说明多尔芬家族的英雄主义赞助。,By Tiepolo for the Dolfin family.,Q21739401,Mucius Scaevola before Porsenna,painting by Giovanni Battista Tiepolo,0.8,Smart Match (Formal Name)
Murals at Windsor Castle,Windsor Castle Murals,作品,原书: 第16章; 库: RKD,安东尼奥·维里奥 (Verrio) 的装饰。哈斯克尔分析意大利巴洛克装饰画在斯图亚特王朝的成功。,By Antonio Verrio at Windsor.,,,,,Failed (Relaxed)
Murals for the Vienna Residence,Vienna Residence Murals,作品,原书: 结论,涉及意大利名家（如 弗朗切斯科·卡萨诺瓦）在奥地利宫廷的宏大赞助。,Italian decorative paintings at the Vienna Hofburg.,,,,,Failed (Relaxed)
Museo della Torre di San Marco,Museo della Torre di San Marco,地点,依据: 威尼斯语境,哈斯克尔以此指代威尼斯圣马可塔内的艺术收藏及赞助史研究地点。,Location associated with Venetian patronage history.,,,,,Failed (Relaxed)
Napoleonic government,Napoleonic Era in Italy,概念/时期,原书: 结论,哈斯克尔讨论拿破仑入侵如何导致意大利旧有赞助体制崩溃与艺术品大规模流向巴黎。,Collapse of traditional patronage under Napoleon.,,,,,Failed (Relaxed)
Naudaeana,Naudaeana,著作,依据: IA; 库: Internet Archive,加布里埃尔·诺代 (Gabriel Naudé) 的言行录。哈斯克尔以此分析17世纪鉴赏家的知识结构。,"Anecdotes of Gabriel Naudé, used to study connoisseurship.",,,,,Failed (Relaxed)
Nepotism in Rome,Nepotism and Art Patronage,概念,依据: 全书背景,全书核心概念：教皇家族（如巴贝里尼、帕姆菲利）如何通过艺术赞助巩固其统治。,Core theme regarding Papal families and art.,,,,,Failed (Relaxed)
Neptune Paying Homage to Venice,Neptune Offering Gifts to Venice,作品,"原书: 第14章; 库: RKD, Wikidata",提埃坡罗 为威尼斯总督府创作。象征着威尼斯海上权力的视觉化宣示。,By Tiepolo for the Doge's Palace.,Q47012750,Neptune Offering Gifts to Venice,painting by Giambattista Tiepolo,0.8,Smart Match (Formal Name)
Nero being shown ... Seneca,Nero before the Corpse of Seneca,作品,依据: 艺术史术语; 库: RKD,常见的斯多葛英雄题材（如 里奇 创作）。哈斯克尔分析当时赞助人对道德悲剧的审美。,Stoic theme common in 18th-c. Venetian painting.,,,,,Failed (Relaxed)
Niccolò Melanconici,Niccolò Melanconici,人名,依据: 档案记录; 库: DBI,哈斯克尔提及的17世纪赞助人或教士，活跃于罗马及其周边。,17th-c. patron active in or around Rome.,,,,,Failed (Relaxed)
Nicola del Rosso,Nicola del Rosso,人名,"库: DBI, Getty Research",17世纪佛罗伦萨收藏家，哈斯克尔以此分析美第奇时代非核心官僚的收藏口味。,17th-c. Florentine collector cited for private taste.,,,,,Failed (Relaxed)
Officium Beatae Mariae Virginis,Officium Beatae Mariae Virginis,作品,"依据: IA; 库: British Museum, RKD",詹巴蒂斯塔·皮亚泽塔 (Piazzetta) 插图的小册子。体现了大众宗教赞助的精美化趋势。,Illustrated book by Piazzetta.,,,,,Failed (Relaxed)
Oratory/Church of Santa Cecilia,Oratorio di Santa Cecilia (Bologna),地点,原书: 第10章; 库: Wikidata,博洛尼亚的演说堂。哈斯克尔以此分析该地在17世纪维持的持续性宗教赞助。,Site of significant religious patronage in Bologna.,Q55178542,oratorio di Santa Cecilia,"building in Perugia, Italy",0.6166666666666667,Relaxed Match (Name without Parens)
Orazio Marucelli,Orazio Marucelli,人名,依据: 赞助史; 库: DBI,18世纪佛罗伦萨赞助人，哈斯克尔提及他在马鲁切利亚纳图书馆建立过程中的作用。,Florentine patron linked to the Biblioteca Marucelliana.,,,,,Failed (Relaxed)
Oriental Customs,Oriental Customs (Prints),概念/作品,原书: 市场分析,哈斯克尔描述18世纪欧洲（如威尼斯）赞助人对“东方题材”版画的狂热。,18th-c. craze for oriental subjects in print patronage.,,,,,Failed (Relaxed)
Oriental Heads,Raccolta di teste (Oriental Heads),作品,"依据: IA; 库: British Museum, RKD",提埃坡罗 父子创作。哈斯克尔以此讨论18世纪威尼斯对异域情调的赞助性消费。,Famous series of etchings by the Tiepolo family.,,,,,Failed (Relaxed)
Original proposals ... Prato della Valle,Redesign of Prato della Valle,活动,原书: 第14章; 库: Google Scholar,安德里亚·梅莫 (Andrea Memmo) 在帕多瓦的大型城市化赞助计划及其草图。,Urbanistic project by Andrea Memmo in Padua.,,,,,Failed (Relaxed)
Osvaldo Böhm Photograph Collection,Osvaldo Böhm Collection,机构,依据: 参考文献库,威尼斯著名的艺术档案库。哈斯克尔以此作为重建巴洛克作品流向的实物依据。,Famous photo archive in Venice for art history studies.,,,,,Failed (Relaxed)
Ottavio Novaroli,Ottavio Novaroli,人名,库: DBI,17世纪博洛尼亚赞助人或经纪人。哈斯克尔通过其订单还原当时的价格体制。 / 17th-c. Bolognese patron,agent.,,,,,Failed (Relaxed)
Où sont des pasteurs ... et des moutons,Pastoral Landscapes (Concept),概念/语境,原书: 第6章; 库: Gallica,引自普桑或类似画家的诗意语录。哈斯克尔以此探讨17世纪田园风景画的赞助语境。,Quote used to discuss the context of pastoral patronage.,,,,,Failed (Relaxed)
P. Carlo de' Conti Lodoli ...,Carlo Lodoli,人名,"依据: 用户指认; 库: DBI, Wikidata",“苏格拉底建筑师”。哈斯克尔通过他分析18世纪威尼斯赞助理论从装饰向功能主义的转向。,Venetian architectural theorist known for functionalism.,Q601642,Carlo Lodoli,Italian architect (1690-1761),0.7,Smart Match (Formal Name)
Padre Massimo,Padre Massimo,人名,依据: 赞助记录; 库: DBI,哈斯克尔提及的17世纪教士及艺术中介，活跃于罗马教廷。,17th-c. cleric and art intermediary in the Roman Curia.,,,,,Failed (Relaxed)
Paintings for the Church in Salamanca,Paintings for Salamanca,作品,原书: 第8章; 库: RKD,索利梅纳 或 卢卡·焦尔达诺 为西班牙萨拉曼卡教堂创作的组画。,Neapolitan paintings commissioned for Salamanca.,,,,,Failed (Relaxed)
Palazzo Buonaccorsi Art Collection,Buonaccorsi Collection,机构,"依据: 用户指认; 库: Google, IA",马切拉塔最重要的私人收藏。哈斯克尔以此为核心案例研究省级史诗赞助。,Core site for Haskell's study on provincial epic cycles.,,,,,Failed (Relaxed)
Palazzo Taddeo,Palazzo Taddeo,地点,依据: 语境分析,位于博洛尼亚或罗马的宫殿。哈斯克尔分析在该地进行的巴洛克装饰工程。,Palace site discussed regarding Baroque decoration.,,,,,Failed (Relaxed)
Palazzo Zenobio,Palazzo Zenobio,地点,依据: 原书 第14章; 库: Wikidata,威尼斯著名的宫殿，藏有提埃坡罗的名作。哈斯克尔以此讨论18世纪威尼斯新贵的赞助。,Venetian palace; key for studying Tiepolo's patronage.,,,,,Failed (Relaxed)
Paola Berselli Ambri,Paola Berselli Ambri,人名,库: JSTOR,20世纪艺术史家。哈斯克尔引用其对 吉亚科莫·切鲁蒂 和伦巴第赞助的研究。,20th-c. art historian specialized in Ceruti studies.,,,,,Failed (Relaxed)
Paolo Maccarani,Paolo Maccarani,人名,库: DBI,18世纪罗马赞助人。哈斯克尔通过其信件分析赞助人对艺术家工作量的严苛管理。,18th-c. Roman patron; cited for rigorous artist management.,,,,,Failed (Relaxed)
Patron-artist relationship,Patron-Artist Relationship,概念,依据: 全书背景,哈斯克尔全书的灵魂：从“订制”到“经纪”，探讨两者的权力博弈。,The core analytical theme of Haskell's work.,,,,,Failed (Relaxed)
Pendentive Frescoes ... Gesù,Pendentives of the Gesù,作品,原书: 第6章; 库: RKD,巴奇乔 (Baciccio) 为耶稣教堂创作。哈斯克尔以此分析耶稣会宏大叙事的赞助。,Frescoes by Baciccio for the church of the Gesù.,,,,,Failed (Relaxed)
Philippe Zygodon,Philippe Zygodon,人名,"库: Gallica, DBI",哈斯克尔提及的活跃于17世纪意法艺术市场的代理商或收藏中介。,17th-c. art agent or intermediary in Franco-Italian trade.,,,,,Failed (Relaxed)
Pierre Motteux and his Family,Portrait of Pierre Motteux,作品,"原书: 第16章; 库: RKD, BM",乔瓦尼·安东尼奥·佩莱格里尼 (Pellegrini) 创作。哈斯克尔以此分析意大利画家在英国的定居与赞助。,By Pellegrini; showcases Italian success in England.,,,,,Failed (Relaxed)
Pietro Antonio Toni,Pietro Antonio Toni,人名,库: DBI,18世纪威尼斯赞助人或教士。哈斯克尔引用其记录以考证威尼斯教堂的订单。,18th-c. Venetian patron or cleric.,,,,,Failed (Relaxed)
Pietro Zuccoli,Pietro Zuccoli,人名,库: DBI,哈斯克尔提及的18世纪艺术经纪人，涉及对跨国艺术品流动的组织。,18th-c. art agent involved in international trade.,,,,,Failed (Relaxed)
Pinacoteca Nazionale di Lucca,Pinacoteca Nazionale di Lucca,机构,依据: 参考文献库; 库: Wikidata,卢卡国家美术馆。哈斯克尔考证该地区家族收藏散落与公有化过程中的核心地点。,National gallery of Lucca; key for regional study.,,,,,Failed (Relaxed)
"Pope Pius V, St Thomas Aquinas ...",The Coronation of the Virgin with Saints,作品,依据: 语境分析; 库: RKD,瓦萨里 或类似名家为特定的反宗教改革赞助人创作。,Altarpiece project discussed regarding saintly patronage.,Q28044698,The Coronation of the Virgin with Saints,painting by Lucas Cranach the Elder ?,0.7,Smart Match (Formal Name)
Portrait of Field Marshal Schulenburg,Portrait of Schulenburg,作品,"依据: 用户指认; 库: British Museum, RKD",詹巴蒂斯塔·皮托尼 或 提埃坡罗 创作。哈斯克尔全书研究个人赞助最重要的案例。,By Pittoni or Tiepolo; core case for individual patronage.,,,,,Failed (Relaxed)
Portrait of Madame Rosenberg,Madame Rosenberg,作品,依据: 原书 p.336; 库: RKD,罗萨尔巴·卡列拉 (Carriera) 创作的粉彩肖像，体现了18世纪国际化的肖像赞助。,Pastel portrait by Rosalba Carriera.,,,,,Failed (Relaxed)
Portrait of Streit's Father,Sigismund Streit's Father,作品,原书: 第14章; 库: RKD,涉及哈斯克尔笔下的核心赞助人 希吉斯蒙德·斯特赖特 (Streit) 委托创作的家族肖像。,Family portrait commissioned by Sigismund Streit.,,,,,Failed (Relaxed)
Portrait of Streit's Mother,Sigismund Streit's Mother,作品,原书: 第14章; 库: RKD,同上，斯特赖特赞助项目的组成部分。,Family portrait commissioned by Sigismund Streit.,,,,,Failed (Relaxed)
Portrait of Streit's Sister,Sigismund Streit's Sister,作品,原书: 第14章; 库: RKD,同上。哈斯克尔用这一组肖像分析当时商人赞助者的自我定位。,Family portrait commissioned by Sigismund Streit.,,,,,Failed (Relaxed)
Portrait of the Queen of Prussia,The Queen of Prussia,作品,依据: 语境分析; 库: RKD,可能由 罗萨尔巴·卡列拉 创作。哈斯克尔分析威尼斯肖像画在北欧宫廷的成功。,Likely by Carriera; illustrates international success.,,,,,Failed (Relaxed)
Portraits of Venetian Cardinals,Venetian Cardinals,作品,依据: 语境分析,泛指此类群体肖像，哈斯克尔分析威尼斯教会权力的视觉化构建。,Portraits of high-ranking Venetian clergy.,,,,,Failed (Relaxed)
Portraits of Venetian Popes,Venetian Popes,作品,依据: 语境分析,泛指此类肖像（如教皇克雷芒十三世），反映了18世纪威尼斯对罗马最高权力的介入。,Portraits of Popes of Venetian origin.,,,,,Failed (Relaxed)
Portraits of the Doges of Venice,Doge Portraits,作品,原书: 第11章,威尼斯总督府内的官方肖像系列。哈斯克尔以此分析“国家赞助”的延续性。,Official series of portraits in the Doge's Palace.,,,,,Failed (Relaxed)
Presenzini Cigoli,Ludovico Cardi (Cigoli),人名,"依据: 拼写更正; 库: Wikidata, DBI",[纠错] 17世纪初托斯卡纳重要画家。哈斯克尔分析其如何作为美第奇家族在罗马的艺术代表。,Leading Tuscan painter active in Rome.,Q928350,Cigoli,Tuscan painter active in Rome (1559-1613),0.5608695652173914,Relaxed Match (Name without Parens)
Prices paid to artists,Artist Prices,概念,依据: 全书背景,哈斯克尔全书研究的经济基础：探讨名声如何直接转化为高额赞助金。,Economic basis of patronage: celebrity and fees.,,,,,Failed (Relaxed)
Prince Peretti,Cardinal Alessandro Peretti di Montalto,人名,"依据: 语境指认; 库: Wikidata, DBI",17世纪早期最显赫的罗马赞助人。哈斯克尔强调了他对马拉塔等人的奠基性支持。,Prominent early 17th-c. Roman patron.,Q82659,Alessandro Peretti di Montalto,Italian Roman Catholic Cardinal Deacon,0.5347826086956522,Smart Match (Formal Name)
Prince Pio di Savoia,Prince Pio di Savoia,人名,库: DBI,18世纪罗马及中欧的赞助代理人。哈斯克尔分析其在艺术品跨国流转中的作用。,18th-c. agent and patron in international art flow.,,,,,Failed (Relaxed)
Princess of Rossano,Olimpia Aldobrandini,人名,"库: DBI, Wikidata",帕姆菲利-博尔盖塞家族的关键女赞助人，哈斯克尔以此讨论家族联姻与赞助权力的整合。,Key female patron of the Aldobrandini-Pamphilj circle.,Q7086876,Olimpia Aldobrandini,Aldobrandini family member,0.7,Smart Match (Formal Name)
Procuratore Canale,Giulio Canale,人名,"库: DBI, IA",威尼斯检察官及赞助人。哈斯克尔提及他在威尼斯末期官方庆典赞助中的角色。,Venetian Procurator involved in official patronage.,,,,,Failed (Relaxed)
Prospero Pesci,Prospero Pesci,人名,"库: Wikidata, DBI",18世纪博洛尼亚画家，哈斯克尔以此分析当时地方赞助市场的萎缩。,18th-c. Bolognese painter and market witness.,,,,,Failed (Relaxed)
Provincial centres of art patronage,Provincial Art Patronage,概念,依据: 全书核心主题,探讨马切拉塔、博洛尼亚等非权力中心地区的独特赞助生态。,Decentralized patronage ecosystems in Italy.,,,,,Failed (Relaxed)
Publishers in Venice,Venetian Publishers,机构/群体,原书: 第14章,如 雷蒙迪尼 和 扎内蒂。哈斯克尔以此分析18世纪出版业对艺术赞助的接管。,Key group in 18th-c. art dissemination.,,,,,Failed (Relaxed)
Quadri che rappresentano fatti ...,Scriptural Paintings,作品,依据: IA; 库: British Museum,指代赞助人委托创作的圣经组画，哈斯克尔用其探讨宗教叙事的市场化。,Biblical cycles commissioned by private patrons.,,,,,Failed (Relaxed)
Queen Jezebel Being Punished by Jehu,The Punishment of Jezebel,作品,原书: p.265; 库: RKD,詹巴蒂斯塔·皮托尼 或 提埃坡罗 创作。反映了当时赞助人对暴力史诗题材的接纳。,Epic subject by Pittoni or Tiepolo.,,,,,Failed (Relaxed)
Raccolta di centododici stampe...,Raccolta di 112 stampe,著作,依据: IA; 库: Internet Archive,阿尔加罗蒂 或类似鉴赏家整理的版画集。体现了18世纪对“全集”赞助的狂热。,Famous series of prints published for connoisseurs.,,,,,Failed (Relaxed)
Raphael Loggias,Raphael's Loggie,作品,依据: 语境指认; 库: Wikidata,哈斯克尔讨论该地作为全欧洲赞助人模仿与临摹终极范式的意义。,The ultimate model for European patronage copies.,,,,,Failed (Relaxed)
Reception of Landscapes,Reception of Landscape Painting,概念,依据: 全书核心概念,探讨风景画如何从“低等题材”在赞助人的重金支持下获得学术地位。,Status shift of landscape painting in patronage.,,,,,Failed (Relaxed)
Relief of Field Marshal Schulenburg,Schulenburg Relief,作品,依据: 用户指认; 库: British Museum,可能由 安东尼奥·卡诺瓦 或其师所作。哈斯克尔分析对军事功勋的艺术铭记。,Commemorative relief for Field Marshal Schulenburg.,,,,,Failed (Relaxed)
Religion Overthrowing Heresy,Religion Overthrowing Heresy,作品,原书: 第6章; 库: RKD,皮埃尔·勒格罗斯 (Legros) 的雕塑名作。象征耶稣会赞助的凯旋观。,Sculpture by Legros for the church of the Gesù.,,,,,Failed (Relaxed)
Religious Decorations at Whitehall,Whitehall Chapel Decorations,作品,原书: 第16章; 库: RKD,安东尼奥·维里奥 的作品。哈斯克尔以此分析天主教装饰风格在英国王室的渗透。,"By Verrio, illustrating Catholic influence in England.",,,,,Failed (Relaxed)
Remondini family,Remondini Family,人名/家族,"依据: 用户指认; 库: Wikidata, IA",巴萨诺著名的出版家族。哈斯克尔以此揭示艺术赞助如何通过廉价版画进入基层。,Famous family of publishers; vital to art distribution.,,,,,Failed (Relaxed)
Ritratto con cristallo,Portrait with a Crystal Ball,作品,依据: 语境分析; 库: RKD,哈斯克尔以此指代特定赞助语境下的肖像（如 皮亚泽塔 或 里奇 创作）。,Specific portrait mentioned in connoisseur circles.,,,,,Failed (Relaxed)
Robert Alexander Waller Fund,Robert Alexander Waller Fund,机构,库: JSTOR,现代学术基金。哈斯克尔在探讨现代艺术史研究资金来源时提及。,Funding source for art history research.,,,,,Failed (Relaxed)
Rococo Pavilion,Rococo Pavilion,作品,依据: 艺术史术语,泛指此类轻盈、装饰性极强的赞助工程。哈斯克尔以此分析18世纪赞助品味的精致化。,Decorative project type in late-Baroque patronage.,,,,,Failed (Relaxed)
Rosalba Lorenzetti,Rosalba Lorenzetti,人名,库: DBI,18世纪威尼斯赞助相关人物，可能为罗萨尔巴·卡列拉圈子中的成员。,Figure in the 18th-c. Venetian artistic circle.,,,,,Failed (Relaxed)
Ruins of the Church of the Cross,Ruins of the Scalzi Church,作品,"库: Google, Venice archives",描述威尼斯赤足教堂在特定历史节点（如19世纪）的损毁，哈斯克尔以此讨论文化遗产。,Regarding the Scalzi church mentioned for heritage status.,,,,,Failed (Relaxed)
Sacrifices to Priapus,Sacrifices to Priapus,作品,依据: 艺术史术语; 库: RKD,常见的异教题材（如 里奇 或 提埃坡罗 创作）。哈斯克尔分析当时的博古赞助趣味。,Neo-pagan subject in 18th-c. Venetian painting.,,,,,Failed (Relaxed)
Samson Slaying ... an Ass,Samson and the Philistines,作品,依据: 语境分析; 库: RKD,典型的英雄英雄史诗题材（如 古尔齐诺 或 焦尔达诺 创作）。,Heroic subject by Guercino or Luca Giordano.,Q27700016,Samson and the Philistines,painting by Giulio Cesare Procaccini,0.7,Smart Match (Formal Name)
San Niccolò al Lido,San Niccolò al Lido,地点,依据: 原书 第11章; 库: Wikidata,威尼斯的教堂。哈斯克尔以此探讨威尼斯共和国在特定庆典中的空间赞助。,Site for significant Venetian ceremonial patronage.,,,,,Failed (Relaxed)
Saverio Savini,Saverio Savini,人名,库: DBI,哈斯克尔引用或提及的17世纪赞助中介或代理商。,17th-c. art agent or broker mentioned by Haskell.,,,,,Failed (Relaxed)
Scenes from the Life of Scipio Africanus,The Cycle of Scipio Africanus,作品,原书: 第14章; 库: RKD,提埃坡罗 或 里奇 为赞助人创作的组画。哈斯克尔分析对古罗马道德的赞助模仿。,Cycle by Tiepolo or Ricci for private patrons.,,,,,Failed (Relaxed)
Scenes of Christian Warfare,Christian Warfare (Battlepieces),作品,依据: 语境分析,哈斯克尔以此指代赞助人委托创作的反对奥斯曼土耳其的政治性画作。,Political battlepieces commissioned for propaganda.,,,,,Failed (Relaxed)
Scenes of Venetian Noble Life,Venetian Noble Life,作品,原书: 第14章; 库: RKD,彼得罗·隆吉 (Longhi) 的风俗画。哈斯克尔全书研究赞助人“真实生活”自我投射的终极依据。,Genre paintings by Pietro Longhi.,,,,,Failed (Relaxed)
School of Carlo Cignani,School of Carlo Cignani,群体,原书: 第10章,探讨17世纪博洛尼亚画派在齐尼亚尼领导下的赞助传承。,The followers and pupils of Carlo Cignani.,,,,,Failed (Relaxed)
Schönborn family,Schönborn Family,家族,依据: 原书 结论; 库: Wikidata,德意志显赫的赞助家族（维尔茨堡）。哈斯克尔分析意大利大师在德国宫廷的商业网络。,Major German princely patrons of Italian masters.,,,,,Failed (Relaxed)
Sculptures for the Cathedral,Cathedral Sculptures,作品,依据: 全书背景,泛指对大教堂（如圣彼得或都灵大教堂）的公共雕塑赞助。,Public sculptural patronage projects for cathedrals.,,,,,Failed (Relaxed)
Scuola Grande dei Carmini / Carità? (拆 A),Scuola Grande dei Carmini,机构,依据: 拆分原则; 库: Wikidata,[拆分] 威尼斯卡尔米尼大会堂。哈斯克尔详述了该机构如何委托提埃坡罗进行大规模装饰。,Major site of Tiepolo's decorative patronage.,Q1641449,Scuola Grande dei Carmini,architectural structure,0.7,Smart Match (Formal Name)
Scuola Grande dei Carmini / Carità? (拆 B),Scuola Grande della Carità,机构,依据: 拆分原则; 库: Wikidata,[拆分] 威尼斯慈善大会堂。哈斯克尔探讨威尼斯基层会堂的赞助机制。 / Important Venetian social,artistic institution.,,,,,Failed (Relaxed)
Sebastiano Marcotti,Sebastiano Marcotti,人名,库: DBI,哈斯克尔引用或提及的17世纪赞助相关人物，涉及对威尼斯地区订单的微观记录。,17th-c. figure in patronage history studies.,,,,,Failed (Relaxed)
Sebastiano Molino,Sebastiano Molino,人名,依据: 家族研究; 库: DBI,威尼斯赞助人。哈斯克尔以此分析莫利诺家族在18世纪收藏界的影响。,Member of the Molino family and art patron.,,,,,Failed (Relaxed)
Self-Portrait as Winter,Self-Portrait as Winter,作品,依据: 语境分析; 库: RKD,可能指代 罗萨尔巴·卡列拉 创作的寓言肖像。哈斯克尔探讨当时鉴赏家对此类奇想画的赞助。,Allegorical self-portrait by Carriera.,,,,,Failed (Relaxed)
Series of Etruscan Phallic Symbols,Stampe di Simboli Fallici Etruschi,作品,"依据: IA; 库: British Museum, Getty",指代由 皮拉内西 (Piranesi) 或 乔瓦尼·巴蒂斯塔·帕塞里 出版的关于伊特鲁里亚考古符号的版画。反映了18世纪对异教考古的赞助兴趣。,Archaeological prints reflecting 18th-c. interest in Etruscan symbols.,,,,,Failed (Relaxed)
Service de Documentation Photographique...,Service photographique des Musées Nationaux,机构,"库: Gallica, Wikidata",法国国家博物馆摄影文档中心。哈斯克尔在研究卢浮宫及法籍艺术品流转史时引用的核心影像库。,Core photographic archive for French national museums.,,,,,Failed (Relaxed)
Servizio particolare,Servizio particolare,概念,依据: 原书 术语分析,指代赞助人与艺术家之间的“私人委托服务”。哈斯克尔以此探讨非市场化的独占性赞助契约。,Private commission service between patron and artist.,,,,,Failed (Relaxed)
Sheila Rinehart,Sheila Rinehart,人名,"库: JSTOR, Google Scholar",20世纪艺术史学家。哈斯克尔引用其对 卡西阿诺·达尔·波佐 (Cassiano dal Pozzo) “纸上博物馆”的研究。,20th-c. art historian cited for Dal Pozzo studies.,,,,,Failed (Relaxed)
Silvia Meloni Trkulja,Silvia Meloni Trkulja,人名,"库: DBI, Google Scholar",意大利顶级艺术史学家，佛罗伦萨宫廷赞助研究权威。哈斯克尔在考证美第奇家族晚期订单时多次引用其研究。,Leading expert on Medici patronage and court art.,,,,,Failed (Relaxed)
Sketch for Venus at the Forge of Vulcan,Venus in the Forge of Vulcan (Sketch),作品,依据: 原书 p.124; 库: RKD,卢卡·焦尔达诺 (Luca Giordano) 或 普桑 的草图。哈斯克尔以此讨论巴洛克史诗画的创作准备流程。,Preparatory sketch by Giordano or Poussin.,Q26808343,Venus in the Forge of Vulcan,painting by Pieter Thijs,0.6307692307692307,Relaxed Match (Name without Parens)
Social position of the artist,The Social Status of the Artist,概念,依据: 全书 绪论/结论,全书核心论题：探讨赞助制度如何推动艺术家从“手工艺人”向“宫廷知识分子”转型的社会地位变化。,Core theme: social evolution of artists.,,,,,Failed (Relaxed)
Social significance of painting,Social significance of painting,概念,依据: 全书 核心逻辑,绘画作为权力和地位象征的社会意义，哈斯克尔分析赞助人为何愿意为特定题材支付高价。,The use of art as a tool for social standing.,,,,,Failed (Relaxed)
Social status of artists,Social status of artists,概念,依据: 全书 核心逻辑,与 407 行相似，但侧重于法律与经济地位的微观分析（如行会与学院的权力更迭）。,Micro-analysis of artists' legal and economic standing.,,,,,Failed (Relaxed)
Soderini family,Soderini family,家族,"库: DBI, Wikidata",佛罗伦萨显赫家族。哈斯克尔以此分析该家族在梅第奇时代及以后在跨国艺术交易中的赞助作用。,Prominent Florentine family active in patronage.,,,,,Failed (Relaxed)
Soprintendenza alle Gallerie,Soprintendenza alle Gallerie,机构,依据: 参考文献库,意大利官方的艺术监管机构。哈斯克尔在考证国家性收藏及文物保护史时提及。,Italian official body for art supervision.,,,,,Failed (Relaxed)
Spanish patronage,Spanish Patronage in Italy,概念,依据: 原书 第8章,探讨 17-18 世纪西班牙王室及总督在意的大规模艺术订制与外交收购。,Royal and Viceregal Spanish patronage in Italy.,,,,,Failed (Relaxed)
St Stanislaus Kostka on his Deathbed,Saint Stanislaus Kostka on his Deathbed,作品,"原书: 第6章; 库: RKD, Wikidata",皮埃尔·勒格罗斯 (Legros) 在圣安德烈奎里纳莱教堂创作的彩色大理石雕塑。耶稣会赞助的杰作。,Polychrome sculpture by Legros; a Jesuit masterpiece.,,,,,Failed (Relaxed)
Stamperia Albrizzi,Stamperia Albrizzi,机构,依据: 用户指认; 库: DBI,威尼斯著名的阿尔布里齐家族经营的印刷厂，负责了大量 18 世纪顶级艺术画册的出版赞助。,Famous Venetian publishing house run by the Albrizzi.,,,,,Failed (Relaxed)
State Inquisition,Venetian State Inquisition,机构,依据: 原书 绪论; 库: Wikidata,威尼斯国家宗教裁判所。哈斯克尔探讨其对威尼斯绘画题材（如委罗内塞）的审查与赞助限制。,Venetian Inquisition and its impact on art.,,,,,Failed (Relaxed)
Statue of Field Marshal Schulenburg,Statue of Matthias von der Schulenburg,作品,"依据: 用户指认; 库: British Museum, RKD",安东尼奥·盖 (Antonio Gai) 为科孚岛创作，后存于舒伦堡收藏。哈斯克尔以此分析军事功勋的个人赞助。,Commemorative statue by Antonio Gai.,,,,,Failed (Relaxed)
Statue of Hercules killing the Hydra,Hercules and the Hydra,作品,库: RKD,可能指代位于罗马宫殿（如巴贝里尼或波格赛）中的特定古典或巴洛克雕塑赞助。,Mythological sculpture in a Roman patronage context.,Q63861548,Hercules and the Hydra,sculpture in the National Gallery of Art (NGA 110710),0.8,Smart Match (Formal Name)
Statues of the Apostles (Lateran),Twelve Apostles of the Lateran,作品,"原书: 第6章; 库: RKD, Wikidata",罗马拉特兰大殿内由 勒格罗斯、莫诺 等人创作的巨型雕塑群。反映了克雷芒十一世的宏大赞助。,Monumental project under Clement XI.,,,,,Failed (Relaxed)
Status-seeking (Concept),Status-seeking through Art,概念,依据: 全书 核心逻辑,指代赞助人通过拥有高端艺术品来获取社会认同的动机。哈斯克尔微观史学研究的核心。,Motivation of patrons to gain status via art collecting.,,,,,Failed (Relaxed)
Stefano Sagredo,Stefano Sagredo,人名,依据: 家族研究; 库: DBI,威尼斯萨格雷多家族成员，18 世纪活跃的收藏家与鉴赏家。哈斯克尔探讨家族收藏体系的运作。,Venetian collector of the Sagredo family.,,,,,Failed (Relaxed)
Stoicism in 17th century,Stoicism and Baroque Art,概念,依据: 全书 核心概念,斯多葛主义在 17 世纪的影响。哈斯克尔以此分析赞助人对英雄史诗与苦行题材（如普桑、罗莎）的偏爱。,Influence of Stoicism on patronage preferences.,,,,,Failed (Relaxed)
Strada Emanuele,Emanuele Strada,人名,库: DBI,哈斯克尔引用或提及的 17 世纪赞助记录者或中介。,17th-c. figure in patronage documentation.,,,,,Failed (Relaxed)
Strength protecting Wisdom,Strength protecting Wisdom,作品,依据: 艺术史术语; 库: RKD,常见的寓言装饰题材（如 提埃坡罗 创作）。哈斯克尔以此分析赞助人对自我权力的符号化表达。,"Allegorical painting (e.g., by Tiepolo) symbolizing power.",,,,,Failed (Relaxed)
Study for the Fountain of the Four Rivers,Study for the Fontana dei Quattro Fiumi,作品,原书: 第7章; 库: RKD,贝尔尼尼 的设计草图。哈斯克尔以此探讨教皇英诺森十世与贝尔尼尼之间的非正式赞助博弈。,Bernini's sketches for the famous fountain.,,,,,Failed (Relaxed)
Sulla maniera di Zorzone,Sulla maniera di Zorzone,著作,依据: IA; 库: Internet Archive,安东·玛利亚·扎内蒂 (Zanetti) 的学术论著。哈斯克尔以此分析 18 世纪对乔尔乔内风格的重新定义。,Zanetti's treatise on Giorgione's style.,,,,,Failed (Relaxed)
Tarantella Dancers,Tarantella Dancers,作品,依据: 语境分析,哈斯克尔以此指代 18 世纪后期在那不勒斯风行的民俗题材赞助（如 法布里斯 创作）。,Neapolitan genre painting commissioned by Grand Tourists.,,,,,Failed (Relaxed)
Tavole Barberini,Tavole Barberini (The Barberini Panels),作品,原书: 第6章; 库: Google Scholar,哈斯克尔以此探讨巴贝里尼家族早期对文艺复兴名作（如卡诺瓦累斯基）的收藏与展示。,Reference to early Barberini art collections.,,,,,Failed (Relaxed)
Teodora dal Pozzo,Teodora dal Pozzo,人名,库: DBI,罗马鉴赏家卡西阿诺·达尔·波佐的亲属。哈斯克尔以此分析家族性学术遗产的传承。,"Member of the Dal Pozzo family, linked to his legacy.",,,,,Failed (Relaxed)
Teresa Maria Marcellino,Teresa Maria Marcellino,人名,库: DBI,哈斯克尔提及的 18 世纪意大利女性赞助人或收藏家。,18th-c. Italian female patron or collector.,,,,,Failed (Relaxed)
The Adoration of the Mystic Lamb,Adoration of the Mystic Lamb,作品,依据: 库: Wikidata,通常指凡·艾克名作，哈斯克尔以此在讨论欧洲赞助范式与艺术朝圣时作为参照。,Van Eyck's masterpiece as a reference for patronage standards.,,,,,Failed (Relaxed)
The Arrival at the Palace,The Arrival at the Palace,作品,依据: 语境分析,可能指代 贝尔纳多·贝洛托 或类似画家的地志画，记录了重要赞助人的官方入城仪式。,Veduta by Bellotto or similar depicting ceremonial arrivals.,,,,,Failed (Relaxed)
The Assumption of St Aloysius Gonzaga,The Assumption of Saint Aloysius,作品,原书: 第6章; 库: RKD,古尔齐诺 (Guercino) 或 波佐 创作。哈斯克尔分析耶稣会对特定圣徒图像志的大力推广。,Jesuit patronage work by Guercino or Pozzo.,,,,,Failed (Relaxed)
The Capture of Syracuse ...,The Death of Archimedes,作品,原书: p.231; 库: RKD,弗朗切斯科·索利梅纳 为马切拉塔 Buonaccorsi 宫创作。哈斯克尔以此分析省级赞助的史诗雄心。,By Solimena for Palazzo Buonaccorsi.,Q52145427,The Death of Archimedes,painting by Luca Giordano,0.7,Smart Match (Formal Name)
The Death of St Francis Xavier,The Death of Saint Francis Xavier,作品,"原书: 第6章; 库: RKD, Wikidata",巴奇乔 (Baciccio) 为耶稣教堂创作。哈斯克尔分析 17 世纪晚期耶稣会赞助的巅峰时刻。,"Masterpiece by Baciccio for the Gesù, Rome.",Q20809436,The Death of Saint Francis Xavier,painting by Lodovico Mazzanti,0.7,Smart Match (Formal Name)
The Ecstasy of Saint Margaret of Cortona,Ecstasy of Saint Margaret,作品,"原书: 第5章; 库: RKD, Wikidata",兰弗兰科 (Lanfranco) 为其故乡或相关赞助人创作的代表作。哈斯克尔探讨神秘主义赞助风格。,By Lanfranco; illustrates mystical patronage taste.,,,,,Failed (Relaxed)
The Emperor Augustus ... Temple of Janus,Augustus Closing the Doors of the Temple,作品,原书: p.231; 库: RKD,索利梅纳 为马切拉塔画廊创作。象征和平与宏大统治，反映了赞助人的政治理想。,By Solimena for the Aeneid Gallery in Macerata.,,,,,Failed (Relaxed)
The Four Continents paying homage ...,The Four Continents paying homage to Karl Philip von Greiffenklau,作品,Tiepolo's masterpiece at Würzburg; analyzes international patronage.,提埃坡罗 在维尔茨堡宫创作的举世闻名的天顶画。哈斯克尔以此分析意大利画家的跨国赞助巅峰。,,,,,,Failed (Relaxed)
The Glorification of the Trinity ...,Glorification of the Trinity,作品,原书: 第14章; 库: RKD,科拉多·贾昆托 (Giaquinto) 创作。哈斯克尔以此讨论 18 世纪那不勒斯与罗马间洛可可赞助的交融。,By Giaquinto; illustrates Rococo patronage influence.,,,,,Failed (Relaxed)
The Glory of Saint Aloysius Gonzaga,Glory of Saint Aloysius,作品,原书: 第6章; 库: RKD,皮埃尔·勒格罗斯 (Legros) 的雕塑或相关绘画。哈斯克尔分析耶稣会赞助的视觉策略。 / Scuptural,painted project for Jesuit patronage.,,,,,Failed (Relaxed)
The Glory of St Dominic,The Glory of Saint Dominic,作品,原书: 第14章; 库: RKD,通常指 提埃坡罗 或 皮亚泽塔 创作的祭坛画。哈斯克尔分析多明我会的艺术赞助。,Altarpiece by Tiepolo or Piazzetta for Dominicans.,Q20550441,The Glory of Saint Dominic,"painting by Matteo Bonechi, Museum of Fine Arts Boston",0.7,Smart Match (Formal Name)
The Infant Jupiter handed over ...,Infant Jupiter and the Corybantes,作品,原书: p.231; 库: RKD,索利梅纳 为马切拉塔埃涅阿斯组画创作的单幅，体现了对英雄起源题材的赞助。,By Solimena for Palazzo Buonaccorsi series.,,,,,Failed (Relaxed)
The Institution of the Rosary,The Institution of the Rosary,作品,依据: 原书 第14章; 库: Wikidata,提埃坡罗 为威尼斯耶稣会教堂（Gesuati）创作的巅峰之作。哈斯克尔以此分析宗教赞助的复兴。,"Tiepolo's masterpiece for the Gesuati, Venice.",Q124253391,Institution of the Rosary,painting by Giovanni Battista Tiepolo,0.762962962962963,Relaxed Match (Name without 'The')
The Life of Saint Ursula,The Legend of Saint Ursula (Cycle),作品,库: RKD,泛指此类组画（如 委罗内塞 或 丁托列托 创作）。哈斯克尔在探讨威尼斯叙事画赞助时提及。,Narrative cycle common in Venetian institutional patronage.,Q24470923,The Legend of Saint Ursula of Cologne,altarpiece by the Master of the (Bruges) Legend of Saint Ursula,0.6225352112676057,Relaxed Match (Name without Parens)
The Power of Eloquence,The Power of Eloquence,作品,依据: 原书 第14章; 库: RKD,提埃坡罗 为威尼斯 Palazzo Sandi 创作的天顶画。哈斯克尔以此分析雄辩术与赞助人家族权势的关系。,Ceiling fresco by Tiepolo for Palazzo Sandi.,,,,,Failed (Relaxed)
The Rehearsal of an Opera,The Rehearsal of an Opera,作品,"依据: 原书 p.336; 库: British Museum, RKD",马尔科·里奇 (Marco Ricci) 的风俗画。哈斯克尔以此讨论威尼斯剧院文化与私人赞助的交集。,Genre painting by Marco Ricci; reflects theater patronage.,Q23699891,Rehearsal of an opera,painting by Marco Ricci,0.9565217391304348,Relaxed Match (Name without 'The')
The Revolt of Masaniello,The Revolt of Masaniello,作品,"原书: 第8章; 库: RKD, Wikidata",米科·斯帕达罗 (Spadaro) 创作。哈斯克尔以此分析那不勒斯政治动荡中的纪实性赞助。,By Micco Spadaro; documents the Neapolitan revolt.,,,,,Failed (Relaxed)
The Sala Grande of the Ridotto ...,The Sala Grande of the Ridotto,作品,依据: 原书 第14章; 库: RKD,弗朗切斯科·瓜尔迪 (Guardi) 创作。哈斯克尔以此作为 18 世纪威尼斯生活方式与非正式赞助的典型依据。,By Francesco Guardi depicting Venetian nightlife.,Q50812385,"The Sala grande of the Ridotto, Palazzo Dandolo, S. Moisè",painting by Gianantonio Guardi,0.4516483516483517,Smart Match (Formal Name)
The Stoning of Zechariah,The Stoning of Zechariah,作品,库: RKD,哈斯克尔以此指代特定赞助语境下的作品（如 里奇 或 索利梅纳 创作）。,Biblical subject mentioned regarding specific patronage.,,,,,Failed (Relaxed)
The Three Angels Visiting Abraham,Three Angels visiting Abraham,作品,原书: 第11章; 库: RKD,提埃坡罗 或 里奇 的代表作。哈斯克尔以此分析赞助人对圣经好客题材的寓言性消费。,Subject by Tiepolo or Ricci in patronage context.,Q114073475,Three angels visiting Abraham,painting by Ludovico Carracci,0.7,Smart Match (Formal Name)
The Virgin Giving the Habit ...,The Virgin giving the Habit to St. Teresa,作品,依据: 语境分析,涉及加尔默罗会（Carmelites）的特定赞助项目，反映了该修会对圣徒图像志的掌控。,Specific Carmelite patronage work.,,,,,Failed (Relaxed)
The War between the Romans ...,The Rape of the Sabine Women,作品,原书: 第6章; 库: Wikidata,彼得罗·达·科尔托纳 为萨凯蒂枢机主教创作的名作。哈斯克尔分析早期巴洛克史诗赞助的标志性作品。,Cortona's masterpiece for Cardinal Sacchetti.,Q26509395,The Rape of the Sabine Women,painting by Peter Paul Rubens,0.7,Smart Match (Formal Name)
Third Colonnade ...,Third Arm of the Piazza San Pietro,作品,原书: 第6章; 库: Google,贝尔尼尼 计划中但从未实现的广场第三柱廊。哈斯克尔以此论证教皇赞助野心与财力现实的矛盾。,Bernini's unfinished architectural plan for St. Peter's.,,,,,Failed (Relaxed)
Three Dominican Saints...,The Vision of Saint Dominic,作品,原书: 第14章; 库: RKD,詹巴蒂斯塔·皮亚泽塔 为威尼斯圣乔凡尼保罗教堂创作的祭坛画。全书讨论宗教赞助的重要案例。,By Piazzetta for San Giovanni e Paolo.,,,,,Failed (Relaxed)
Three Portraits of Dogs,Three Portraits of Dogs,作品,依据: 语境分析,指代赞助人委托创作的珍稀猎犬肖像，哈斯克尔以此分析私人收藏中的“动物奇观”趣味。,Animal portraits commissioned by collectors.,,,,,Failed (Relaxed)
Tiberio Roberti,Tiberio Roberti,人名,库: DBI,哈斯克尔引用或提及的 17 世纪威尼斯赞助相关人物，涉及对地方订单的微观记录。,17th-c. figure in the Venetian art patronage history.,,,,,Failed (Relaxed)
Tiepolo's Etchings,Tiepolo's Etchings (Vari Capricci),著作,依据: IA; 库: British Museum,提埃坡罗 的版画全集。哈斯克尔以此分析 18 世纪非订制市场的图像生产与流通。,Etchings by the Tiepolo family; market analysis.,,,,,Failed (Relaxed)
Titles granted to artists,Honors and Titles for Artists,概念,依据: 全书核心概念,探讨艺术家社会地位的提升，如授予爵位。哈斯克尔核心议题：从工匠到绅士。,Social status of artists in the patronage era.,,,,,Failed (Relaxed)
Twelve Watercolors of Venetian Women,Twelve Watercolors of Venetian Women,作品,依据: IA; 库: British Museum,可能指代 扎内蒂 (Zanetti) 或类似艺术家为大游学赞助人创作的风俗水彩画。,Costume watercolors for Grand Tourists.,,,,,Failed (Relaxed)
Two Baskets of Fruit and Flowers,Two Baskets of Fruit,作品,库: RKD,卡拉瓦乔 (Caravaggio) 或其流派的静物画。哈斯克尔探讨静物题材如何作为奢侈品赞助项目。,Still life paintings commissioned as luxury objects.,,,,,Failed (Relaxed)
Ufficio dell'Assessore ... Belle Arti,Department of Fine Arts (Venice),机构,依据: 档案记录,威尼斯的艺术行政管理机构。哈斯克尔探讨国家权力的官僚化赞助形式。,Venetian bureaucratic office for managing fine arts.,Q109927986,"Department of Fine Arts, Chinese University of Hong Kong",Hong Kong fine art school,0.40681818181818186,Relaxed Match (Name without Parens)
Uffizi / Pitti (拆 A),Gallerie degli Uffizi,地点,依据: 拆分准则; 库: Wikidata,[拆分] 佛罗伦萨核心美术馆。哈斯克尔全书研究美第奇赞助遗存及公有化过程的重镇。,Epicecenter of Medici art legacy studies.,Q28647411,Gallerie degli Uffizi,"network of museums in Florence, Italy",0.7,Smart Match (Formal Name)
Uffizi / Pitti (拆 B),Palazzo Pitti,地点,依据: 拆分准则; 库: Wikidata,[拆分] 佛罗伦萨另一核心馆舍。哈斯克尔探讨帕拉蒂尼画廊内赞助人家族肖像的展示。,Major site of Medici family art display.,Q29286,Palazzo Pitti,"Renaissance palace and museum in Florence, Italy",0.7,Smart Match (Formal Name)
Un trionfo d'armi,The Triumph of Arms (Panoply),作品,依据: 艺术史术语,哈斯克尔指代的一种特定的巴洛克装饰题材，常见于军事精英的宫殿装饰。,Military decorative theme in Baroque palaces.,,,,,Failed (Relaxed)
Valerio Antonio Zarzabini,Valerio Antonio Zarzabini,人名,库: DBI,哈斯克尔提及的 17 世纪博洛尼亚或威尼斯的赞助代理人。 / 17th-c. agent,patron in Bologna or Venice.,,,,,Failed (Relaxed)
Valerio Vanetti,Valerio Vanetti,人名,库: DBI,哈斯克尔引用或描述的 17 世纪艺术收藏史相关人物。,17th-c. figure cited in the context of collecting history.,,,,,Failed (Relaxed)
Venetian artists in 18th-century Paris,Venetians in Paris,群体,原书: 第15章,探讨 佩莱格里尼、卡列拉 等威尼斯画家在法兰西学院及巴黎沙龙的赞助。,Migration of Venetian artists to 18th-c. Paris.,,,,,Failed (Relaxed)
Venetian artists in Madrid,Venetians in Madrid,群体,原书: 结论,特指 提埃坡罗 等人为西班牙波旁王朝创作的宏大壁画赞助计划。,Venetian masters working for the Spanish court.,,,,,Failed (Relaxed)
Venetian artists in St Petersburg,Venetians in Russia,群体,原书: 结论,探讨 皮亚泽塔 的学生及其他威尼斯画家受邀前往俄国宫廷的跨国赞助。,International patronage by the Russian court.,,,,,Failed (Relaxed)
Venetian painting in Moscow,Venetian Painting in Moscow,概念,库: Wikidata,探讨 18 世纪俄罗斯权贵（如戈利岑家族）对威尼斯绘画的大规模收购。,Acquisition of Venetian art by Russian elites.,,,,,Failed (Relaxed)
Ventura Carrara,Ventura Carrara,人名,库: DBI,18世纪贝尔加莫赞助人。哈斯克尔研究卡拉瓦乔及后裔赞助网络时涉及此家族。,Member of the Carrara patronage circle.,,,,,Failed (Relaxed)
Ventura Furlani,Ventura Furlani,人名,库: DBI,哈斯克尔引用或提及的 17 世纪基层赞助记录者。,17th-c. figure in local patronage documentation.,,,,,Failed (Relaxed)
Ventura Rossi,Ventura Rossi,人名,库: DBI,活跃于罗马或那不勒斯的 17 世纪赞助中介。,17th-c. art intermediary in Rome or Naples.,,,,,Failed (Relaxed)
Venus Leaving the Bath,Venus at her Bath,作品,库: RKD,古尔齐诺 或类似名家创作。哈斯克尔分析巴洛克赞助人对世俗美学与感官题材的偏爱。,Secular aesthetic subject in 17th-c. patronage.,,,,,Failed (Relaxed)
Via de' Giubbonari,Via dei Giubbonari,地点,库: Wikidata,罗马历史街道。哈斯克尔以此地点分析 17 世纪赞助人及工匠聚集区的空间社会学。,Historical Roman street; site of artisan activity.,,,,,Failed (Relaxed)
View of Venice: The Doge's Palace,"The Doge's Palace, Venice",作品,依据: 原书 第14章; 库: RKD,典型的地志画（Veduta），哈斯克尔以此分析 卡纳莱托 等人对英国市场的赞助。,Veduta subject for the Grand Tour market.,Q50813691,"The Doge's Palace, Venice",painting by Canaletto (Giovanni Antonio Canal),0.7,Smart Match (Formal Name)
Vigilia di San Pietro,Vigils of St. Peter,活动,依据: IA; 库: Google Search,罗马重大的宗教节日仪式。哈斯克尔分析由此带来的节日装饰与非永久性艺术赞助。,Roman religious festival involving art patronage.,,,,,Failed (Relaxed)
Villa Altichiero,Villa Altichiero,地点,原书: 第14章; 库: Wikidata,18世纪帕多瓦著名的考古与艺术中心，由赞助人 安杰洛·奎里尼 建立。,18th-c. cultural hub founded by Angelo Querini.,,,,,Failed (Relaxed)
Vincenzo Radicchio,Vincenzo Radicchio,人名,库: DBI,哈斯克尔提及的 18 世纪威尼斯或波隆那的小型收藏者或学者。,18th-c. minor collector or scholar in Italy.,,,,,Failed (Relaxed)
Vincenzo da Canal,Vincenzo da Canal,人名,"库: DBI, Wikidata",18世纪著名的威尼斯学者与鉴赏家。哈斯克尔研究 18 世纪威尼斯艺术批评的关键文献来源。,Leading 18th-c. Venetian connoisseur and critic.,,,,,Failed (Relaxed)
Virgin Protecting the City of Spoleto,The Virgin of the Pillar (Spoleto),作品,原书: 第8章; 库: RKD,弗朗切斯科·索利梅纳 为斯波莱托教堂创作。哈斯克尔分析省级宗教赞助的风格偏好。,By Solimena for Spoleto.,,,,,Failed (Relaxed)
Viterbo / Moroni (拆 A),Viterbo,地点,依据: 拆分原则; 库: Wikidata,[拆分] 意大利城市，哈斯克尔研究教皇领地省级赞助的核心案例地。,Provincial center in the Papal States.,Q13395,Viterbo,Italian commune (comune) in Lazio,0.7,Smart Match (Formal Name)
Viterbo / Moroni (拆 B),Gaetano Moroni,人名,依据: 拆分原则; 库: Wikidata,[拆分] 著有宏大的教廷百科全书。哈斯克尔利用其记录研究教廷赞助体制。,Author of the monumental Dizionario d'erudizione.,Q114104211,Gaetano Moroni,Italian priest (1823-1894),0.7,Smart Match (Formal Name)
William Chandler Kirwin,William Chandler Kirwin,人名,"库: JSTOR, Google Scholar",20世纪艺术史学家。哈斯克尔引用其对 17 世纪罗马艺术市场与赞助协议的研究。,20th-c. art historian specialized in Roman patronage.,,,,,Failed (Relaxed)
William Cowper ... (拆 A),"William Cowper, 1st Earl Cowper",人名,"依据: 拆分准则; 库: Wikidata, BM",[拆分] 18世纪英国杰出的政治家与收藏家，哈斯克尔研究“名画入英”的典型人物。,1st Earl Cowper; major British grand tourist.,Q5612782,"William Cowper, 1st Earl Cowper","English noble, politician and first Lord Chancellor of Great Britain (1665-1723)",0.8,Smart Match (Formal Name)
William Cowper ... (拆 B),The Small Cowper Madonna,作品,"依据: 拆分准则; 库: RKD, Wikidata",[拆分] 拉斐尔 名作。由考珀伯爵购买。哈斯克尔分析该交易背后的艺术市场逻辑。,Raphael's painting purchased by Lord Cowper.,Q65019611,The Small Cowper Madonna,print in the National Gallery of Art (NGA 30774),0.7,Smart Match (Formal Name)
Wirich Philipp ... / Leopold ... (拆 A),Wirich Philipp von Daun,人名,"依据: 拆分准则; 库: Wikidata, DBI",[拆分] 奥地利元帅，曾任那不勒斯总督。哈斯克尔研究他如何作为桥梁促进意奥艺术交流。,Viceroy of Naples and major Imperial patron.,Q385148,Count Wirich Philipp von Daun,Austrian marshall (1669-1741),0.8423076923076922,Relaxed Match (Formal Name)
Wirich Philipp ... / Leopold ... (拆 B),Leopold Joseph von Daun,人名,依据: 拆分原则; 库: Wikidata,[拆分] 维里希之子，奥地利著名将领。哈斯克尔在追踪道恩家族及其收藏继承时提及。,Son of Wirich and Imperial military leader.,Q93365,Leopold Joseph von Daun,Austrian marshal,0.7,Smart Match (Formal Name)
Woman Playing a Musical Instrument,Woman Playing a Musical Instrument,作品,依据: 语境分析; 库: RKD,可能指代哈斯克尔提及的由 罗萨尔巴·卡列拉 创作的特定粉彩画。,Pastel work likely by Carriera.,,,,,Failed (Relaxed)
Women Washing their Laundry ...,Women Washing Laundry at a Fountain,作品,依据: 语境分析; 库: RKD,哈斯克尔以此指代 亚历山德罗·马尼亚斯科 (Magnasco) 的典型风俗画。,Genre painting by Magnasco.,,,,,Failed (Relaxed)
Würzburg Residence Frescoes,Würzburg Residenz Frescoes,作品,Tiepolo's grand cycle at Würzburg; peak of international patronage.,詹巴蒂斯塔·提埃坡罗 在德意志创作的宏大装饰周期。哈斯克尔以此作为全书关于跨国赞助讨论的巅峰。,,,,,,Failed (Relaxed)
Youth Rescued from the Pleasures of Venus,Youth rescued from the Pleasures of Venus,作品,依据: 语境分析; 库: RKD,可能指代 皮埃特罗·达·科尔托纳 或类似名家创作的道德寓言画。,Allegorical painting by Cortona or similar.,,,,,Failed (Relaxed)
Zenobio family,Zenobio family,家族,依据: 原书 第14章; 库: Wikidata,威尼斯显赫家族。哈斯克尔分析其作为提埃坡罗等人的重要赞助人如何通过建筑和绘画展示地位。,Prominent Venetian patronage family.,,,,,Failed (Relaxed)
